File Name,Source,Date and Time Published,Description,Summary
"‘Irreplaceable’ Toni Kroos walks away early at the top, a mic-drop moment.pdf",Unknown,Unknown,"Toni Kroos retires at the top of his game, leaving a legacy unmatched. This article provides insights into Toni Kroos's career or related events.","Toni Kroos retires at the top of his game, leaving a legacy unmatched."
"Farewell, Toni Kroos- one of the greatest there ever was.pdf",Unknown,Unknown,"Farewell to Kroos, one of the most decorated players of his generation. This article provides insights into Toni Kroos's career or related events.","Farewell to Kroos, one of the most decorated players of his generation."
"Germany’s strikers get all the attention at World Cup, but Toni Kroos drives its attack.pdf",Unknown,Unknown,Germany’s 2014 World Cup-winning squad relied on Kroos to dictate the tempo and unlock defenses. This article provides insights into Toni Kroos's career or related events.,Germany’s 2014 World Cup-winning squad relied on Kroos to dictate the tempo and unlock defenses.
Longing for the ten_ The Toni Kroos case at Bayern Munich.pdf,Unknown,Unknown,"A look at Kroos's early career at Bayern Munich, where he showcased his versatility and tactical intelligence. This article provides insights into Toni Kroos's career or related events.","A look at Kroos's early career at Bayern Munich, where he showcased his versatility and tactical intelligence."
Real Madrid Legend Toni Kroos Reveals Coaching Plans.pdf,Unknown,Unknown,"Toni Kroos reveals his post-retirement plans to pursue coaching, starting with youth teams. This article provides insights into Toni Kroos's career or related events.","Toni Kroos reveals his post-retirement plans to pursue coaching, starting with youth teams."
"Toni Kroos- a world-class midfielder, made in the Bundesliga.pdf",Unknown,Unknown,"From his beginnings in the Bundesliga to global stardom, Toni Kroos's journey is a testament to hard work and tactical brilliance. This article provides insights into Toni Kroos's career or related events.","From his beginnings in the Bundesliga to global stardom, Toni Kroos's journey is a testament to hard work and tactical brilliance."
Toni Kroos Insists Real Madrid Are Ready for El Clasico.pdf,Unknown,Unknown,"Ahead of El Clasico, Kroos expressed confidence in Real Madrid’s preparation. This article provides insights into Toni Kroos's career or related events.","Ahead of El Clasico, Kroos expressed confidence in Real Madrid’s preparation."
Toni Kroos Not Losing Sleep Over Bayern Munich Tie.pdf,Unknown,Unknown,"Kroos remained composed about facing Bayern Munich in the Champions League, reflecting his calm demeanor. This article provides insights into Toni Kroos's career or related events.","Kroos remained composed about facing Bayern Munich in the Champions League, reflecting his calm demeanor."
Toni Kroos- Real Madrid's unsung hero.pdf,Unknown,Unknown,"Despite being overshadowed by big-name stars, Kroos was the backbone of Real Madrid’s midfield. This article provides insights into Toni Kroos's career or related events.","Despite being overshadowed by big-name stars, Kroos was the backbone of Real Madrid’s midfield."
Toni Kroos- the modern midfielder whom Bayern would be crazy to lose.pdf,Unknown,Unknown,"Before his transfer to Madrid, Kroos was Bayern’s unsung hero, offering unmatched technical abilities. This article provides insights into Toni Kroos's career or related events.","Before his transfer to Madrid, Kroos was Bayern’s unsung hero, offering unmatched technical abilities."
Toni Kroos' versatility will be crucial for Carlo Ancelotti - Managing Madrid.pdf,Managing Madrid,2014-07-18,Kroos's ability to function as a box-to-box midfielder or as a creative playmaker makes him invaluable to Ancelotti’s strategies at Real Madrid.,"Toni Kroos brings versatility to Real Madrid, excelling under Carlo Ancelotti's possession-oriented tactics. His adaptability allows him to enhance Real's attacking and defensive setups."
Toni Kroos_ Bayern Munich's Best Hope - The New York Times.pdf,The New York Times,2012-05-17,This article highlights Kroos’s role in Bayern’s midfield during their historic Champions League campaign and his potential as a top player.,"Kroos was vital to Bayern Munich's Champions League run, showcasing his precise passing and tactical intelligence."
Toni_Kroos_ Real_Madrid_CF_Official_Website.pdf,Real Madrid Official,2024-11-04,"Kroos's career is celebrated for his technical brilliance, leadership, and contributions to Real Madrid's golden era, including five Champions League titles.","Toni Kroos became a cornerstone of Real Madrid’s midfield, contributing to multiple Champions League titles."
What will become of the former top talent_.pdf,SPOX,2009-11-20,"This piece discusses Kroos's challenges at Bayern Munich before establishing himself as a world-class player, including his loan stint at Bayer Leverkusen.","Early in his career, Kroos was hailed as Germany's brightest talent, but struggled for consistent opportunities at Bayern Munich."
Why Toni Kroos Is Real Madrid's Silent Galactico.pdf,Bleacher Report,Unknown,"Kroos's understated style belies his critical influence on Real Madrid’s successes, earning him the title of 'Silent Galactico.'","Toni Kroos, known for his quiet brilliance, has been integral to Real Madrid's midfield dominance, controlling games with precision."
