file_name,format,duration,size,video_codec,video_resolution,audio_codec,transcript
„Das hebt ihn vom Rest ab!“ ｜ ＂Bromance＂ mit Thomas Müller & Toni Kroos.webm,"matroska,webm",0:13:50.588000,97.72 MB,vp9,1920x1080,opus," Du weißt, ob ich es läuft. Die großen Spiele machen es doch aus. Ja, aber die rausgesetzt. Ihr seid ja langweilig. Ich bin nur ein Läckerchen, wenn ich beim Ton die große Schnappe. Heutzutage würde ich sagen, bevor man mich rechts außen bringt lieber nicht. Schlechte Stimmung machen. Wir sehen uns bald. Wie bringt man so den Tag um? Aus Arbeit, langeweile und Hochspannung. Aber natürlich ist die Hochspannung in so einem normalen Trainingstag. Er bei den Gesellschaftspielen und beim Fußball gucken. Als Band Training oder so. Die Spannung bei Turnier ist auf durch die Spiele bestimmt. Da sagen wir mal, der Tag geht gefühlt und ticken schneller rum, wenn es wieder gut ist, wenn man ein bisschen noch einen Pool rumliegen kann. Vor drei Jahren war es ja so. Ich glaube, da hatten wir ja durchgängig Topwetter. Jetzt ist es bescheiden, aber ich gefühlt. Wir sind jetzt schon relativ lang dabei. Umgewöhnlich lang für eine Nationale Mannschaft. Netzter Zeit. Ja, stimmt. Vorher war man eigentlich immer. Aber gefühlt ist irgendwie von Lagerkollern und wir glauben noch ein Stück. Aber ein Ferngefährd. Für die Finder war es 2016, oder? Seitdem jetzt hier sind es Turnier losging, fand ich die Tage ziehen sich jetzt nicht so extrem. Hab ich das Gefühl noch nicht. Dürme zu, die Woche finde ich es ein bisschen... Ich läuft zum Bissel C an, aber... Ansonsten, wenn man sich überlegt, dass wir beide Ulli sind ja schon seit Ende Mai hier. Also, wenigstens zu beklagen. Ist das was anderes, wenn du nach vorne bist? Oder jetzt immer diese Entscheidung gespielt hat, wo man immer das gefühlt hat? Ja, total. Deswegen sind wir ja wegen den Spielern zu mehr. Aber ich würde sagen, da kommt der da reizerstes. Da fängt es ja an Spaß zu machen, um uns vor allem im Diverse zu gehen. Es macht natürlich wenig Spaß, dann zu verlieren und direkt nach Hause zu fahren. Und am Ende wollen wir ja diese Entscheidungen haben, diese Spiele. Leider war es ja in den letzten Donnern so, dass ja eigentlich die entscheidenden Spiele schon ab dem zweiten Gruppenspieltag eigentlich schon immer kam. Dann haben wir es noch mehr kribbelige Momente geschafft. Ja, ungewollt, dass, wie gesagt, bis 2016, du sprachst ja von unseren langen Karrieren. War das ja eigentlich so, da wurde die Gruppenphase so hinweg gesehen, weil die wurde so... Und das hat sich ein bisschen geändert. Deswegen, umso schöner, dass man noch hier sind, jetzt vor dem Viertelfinale würde ich mal sagen. Aber klar, die Spiele machen es am Ende aus und gefühlt, was bei anderen Turnier immer so, dass sich es bis dahin er gezogen hat. Und ab dann, K.O. Spieler, wo es dann eh, weil man wusste, es dauert jetzt auch nicht mehr ewig. Ich meine, wir sind jetzt auch nicht mehr weit weg. Also, es sind noch zehn Tage, glaube ich, ungefähr dieses Turnier überhaupt nur geht. Ja, ich hoffe, für uns natürlich auch. Aber jetzt geht's eh knackig. Du weißt doch, wie es läuft. Die großen Spiele machen es doch aus. Am Ende geht's jetzt, das, was von dem Turnier normalerweise übrig bleiben sollte. Das kommt erst noch, weil es halt da wirklich, weil das die besondere Momente sind. Habt ihr denn so irgendein, ein Moment in neuer Karrieren? Ja, unser erstes Lennerspiel war ja, wir haben ja gemeinsam debitiert. Stimmt. Der ein ist für den anderen ausgestraft. Ich zeige es euch vor. Tony rechts aussen gespielt. Ja, das ist richtig. Wir haben danach nie wieder. Ja, er ist das Spiel logischerweise besonders. Also, ich hab, ehrlich gesagt, damals auch noch nicht mit gerechnet. Ich hab ich euer Leberkuchen. Wenn ich jetzt, wenn ich jetzt in dem Moment damals, oder mich da zurückdenken, dann war es natürlich toll, wenn ich mir heute daran zurückdenken, dann würde ich sagen. Ich kann vielleicht falsch geliehen. Ja, ich weiß auch nicht, was Joji damals vorhatte mit mir. Ich hab dich einfach brinke. Ohne das ist ja was. Metterzuge wäre so voll, nicht mich zu bringen. Heutzutage würde ich sagen, bevor man mich rechts außen brinke, lieber nicht. Aber damals war das auch in der schönen Sache. Wenn ihr an die WM zurückdenken, zu 2014, gibt es auch für euch so ein Highlight. Es war schon voll von Highlight so nach hinein, zumindest. Der Pool, die Bananenmischekts. Ja, sie waren schon sehr gut. Ja, die Spiele kennt ihr jeder. Klar, Brasilien. Wenn ihr jetzt ein Trainer, also ihr habt gegen Real gespielt. Aber Real mal nicht. Ja, sein Tony bei Real ist, war real kein guter Gegner für uns. Natürlich stellst du dich erstmal auf die Manche rein und dann natürlich auch, bis wir auf die einzelnen Spieler und Thomas ist ja grundsätzlich. Genau, Thomas. Also, konnten wir uns auf Thomas schlecht einschauen, weil wir nicht mit ihm in einer Formation mit den Händen haben. Ja, so jetzt. Ja, das andere erinnigt mich gar nicht mehr, Schächle. Ja. Und das war schwer einzustellen, weil wir nicht mit ihm gerechnet haben, aber im Rückspiel haben wir uns voll auf ihn eingestellt. Und da hätten wir nicht mit ihm gerechnet müssen. Das kann man sich vorstellen, lieber so einem Hundetraining bei der Polizei. Dann krieg ich immer nur ein Läckerchen, wenn ich immer nur ein Läckerchen, wenn ich bei Tony groß schnappe. Wasser und immer wenn ich ihn dann sehe, dann mach ich ... Und er macht halt an Haken und spielt dann eine Balltortzimmer. Mir bringt das jetzt nichts, wenn jetzt der Karl um mir gesagt hat, da so ein Thomas bewegt sich in dem oder dem Raum, weil das ... Es gibt da keine rote Linie bei ihm, er macht er am Ende was er will und das ist ja schon die ganze Gejährung. Ich habe immer da hinzugehen, wo kein Gegenspieler ist. Das heißt, wenn er hinterher läuft, dann auch wieder woanders hin, wo wir vielleicht dann doch keiner ist, also dem er sprechen. Also, er ist aber trotzdem immer einigermaßen eklig zu verteidigen. Ich immer hinten im Rücken herumschleiche. Nein, aber es ist so. Ich glaub, er ist ja jetzt nicht nur in dem Fall so. Ich glaub, das zieht sich ja durch die Karriere. Ich glaube, das ist relativ schwer. Ich habe hier ein querter Methone gespielt, da wo ich mich positionäre, spielt er den Ball gerne durch die Linien durch. Ich glaub, das ist ja einer recht gut wusste, was da andere denkt. Genau, wir kennen uns ja schon seit Jugend sozusagen. Wenn wir ja wär mehr Tony Loews, heißt ich immer was, die einer stimmt, aber haben wir noch nie losgeheißt von Hansa Roztok damals. Und ... Wir haben in der A-Jung ein Jahr zusammen gespielt. Er war natürlich ein Jahr, ein Jahrgang jünger. Und trotzdem natürlich logische Weise aufgrund seiner Fähigkeiten. Schon eins oben. Und es hat ganz gut gepasst. Wir wissen ja, dass er sich gerne nach links abkippen lässt. Und das war damals auch schon so, vielleicht nicht ganz so tief, sondern ein Tick höher. Und ich aber immer damals, hab man vier, vier, zwei Raute gespielt, glaube ich, oder? Ja, viel los. Und da war ich der rechte Rauteenspieler oder halt so, halb Stürmer, weiß der Kuck, also offensiv, halb rechts. Und ich bin halt dann immer einfach so einen tiefen Lauf. Und Tony hat damals auch schon einen guten Fuß gehabt. Er hat halt den Ball der Diagonal in Raum. Ich bin in der Rangelauf und hab dann versucht, drei zu verwandeln. Und deswegen war das damals schon ... Hat mal damals schon eine relativ gute Verbindung auf dem Platz. Weil wir vom Spieler Typ uns nicht im Weg gestanden haben. Also ... Ich war froh, wenn jemand in den Ball hatte, der in einen Gut-Achenschpiel konnte, wo ich hingelaufen bin und andersrum brauchst natürlich als Absender, ob immer ... ... ein Briefkasten in der Paket zustämt ist. Der spielt bei Wind, bei Regen, bei Sonne, ob vor 40.000 oder vor zwei Zuschauen immer den gleichen Stiefel. Also, das ist unkaputtbar. Und dementsprechend ... ... gerade das, dieses Selbstverständnis, wie man Fußball spielt. Und diese eigene Identität als Fußballspieler. Das ist ja das, was uns oft gefällt hat. Und bis wir in diesen Jahren, wo er auch viel Fonsicherungen einkam. Weil wir eben nicht erfolgreich waren. Und weil vielleicht auch ein paar Zutaten gefällt haben. Ähm ... Und dementsprechend war ich davon am Fahrend dafür. Aber ... Tony hat ja am Anfang gesagt, also 2021. 21.000, seit jetzt mal kurz hat er dritt. Kann zwar, dass ich weg hab ich gelockt. Ha ha ha. Was hast du dich gefuert, wieder hinzutreffen, mit ihm zu spielen? Ja, klar. Es gibt ja ... Es gibt ja ... Ha ha ha. Es gibt ja ... ... ein paar Minuten gegen Schottland. Es stimmt. Nein, natürlich. Es gibt ja irgendwie so Verbindung, dass es egal, ob es mal drei Jahre Pause ist. Das ... Das ... das ... passt. Weiß er außerhalb wie auch auf dem Platz. Wie gesagt, Thomas hat er recht. Wir haben jetzt seitdem zwar nicht viele Minuten zusammengespielt. Aber wenn der Moment käme, dann bräuchte es da keine Anpassung. Und das hat nicht nur was zu tun, dass das seit ... Ich 2007 oder so war. Sondern es geht einfach um ... Spielertypen. Ich glaube, es gibt ja ein paar gemeinsamen Interessen. Keine Ha ha ha. Ich spiel Golf. Genau. Ja, aber da war eigentlich eine Heine zum Beispiel. Also passt der wunderbar. Poker haben wir nennen. Ich glaub, Thomas ist sowieso unabhängig davon auch von den Minuten. Ich meine, das waren damals, weiß ich, 14, 16. Wann ist es loggerweise ein paar Minuten als heute. Aber wenn er jetzt nicht spielt und am nächsten Tag ist ... ... ist das Training. Ja, was auch unter Fachkreisen auch. Das ist halt ein Arschloch-Training. Nein, das ist nicht so. Also, da hast du grundsätzlich ... ... grundsätzlich mal keine Lust drauf. Weil du eigentlich eine gewisse Enttäuschung ... Und Spieltag. Ja, aber du weißt auch ganz genau, was ich meine. Ja. Also, das Training an sich ist ja eigentlich das Ziel, das zu verpassen. Weil du am Tag vorher gespielt hast. Und das ist eines der spaßigsten Trainings. Wenn du es ruchst, dann ... Ich würde auch ... beide. Ich hab auch überlegt, beide schon zu spielen. Einmal macht meist einen Torscher-Siebum und einen 5G-5. Und hat danach was ... Nein, aber was ich sagen würde ist, wir haben uns das letzten ... ... dann angeschaut, auch noch, das Training danach. Und es ist Thomas halt Wusch. Thomas macht trotzdem die ersten drei Tore für sein Team in so einem Training. Obwohl er mit Fug und Recht behaupten könnte, was das Training ... ... lass ich weg oder da mache ich mal ein weniger. Weil hier das können dann noch 20 oder 22-jährige Volgas geben. Und das halt nicht der Fall. Und das meine ich mit, das tut einem gut, weil ich das andere mal sehr gut anschauen können. Ja, die geben recht. Also ... Manchmal muss man den Finger schon in die Wunde legen. Und das ist nicht irgendwie blöte Herrreden, sondern einfach nur vorleben, was es bedeutet. Ähm ... Und da ... Es gibt ja ein Grund, wie sowas Spieler. Christiano Ronaldo, Messi ... Ähm ... Tony Luca-Motritch. Alle, die ganz lange, ganz oben waren. Die vereint ja nicht irgendein Trick. Oder eine ganz besondere, fussballerische Fähigkeit. Die sind alle unterschiedlich. Was sie alle haben, ist, sie performen wollen immer performen. Und da ist nur ein gewisser Trainings-Einsatznotwendig. Aber wirklich auch diesen Performance gedanken. Dass es nichts wichtigeres gibt, als dieses Leistungbringen auf dem Fußballplatz. Und das kriegst du da halt auch nicht mal raus. Also das ist dann auch ein Futterin. Genau, was das Gefühl zu gewinnen. Oder selbst ... Gut, selbst Thomas freut sich ja noch, an diesem Training ein drei Tor zu machen. Und das ist ja das, was ihnen dann auch irgendwo abhebt, von dem Rest. Deswegen sind wir dann in dem Alter noch da, wo wir sehen und andere werden es dann nicht mehr sein. Das ist schon eine Grundeinstellung. Die Weltspitze kommen halt wahrscheinlich. Ja, oder? Ja, das stimmt. Aber das du glaube ich, in dem, was du machst, versuchst, gut zu sein. Und dafür investieren musst du. Das ist schon etwas, was auch sehr über den Fußball hinaus wichtig ist. Wenn du mir erzählte, vor zehn Jahren nicht, wird Magnetfeld-Matten und weil es da Kuckuck in die Eisbeckenkinder und dann mit ich am nächsten Tag ein gutes Training macht, dann hätte ich anders geantwortet, das heute. Könnt ihr euch vorstellen, nach hier beide auch Fernseh-Experten zu werden? Also ich könnte mir sehr gut vorstellen, dass Thomas Experte ist, weil natürlich sehr gut reden kann, analysieren kann. Aber nicht, aber nicht. Das ist ja, du bist ja eigentlich ein Selbstanhandeller-Experte. Aber ich glaube nicht, dass er Experte wird, weil ich glaub, unser Trainer wird, weil das Spiel versteht, dass der Bock auf Fußball hat und auf Erfolg. Und weil er die Spieler, glaub ich, sehr gut einschätzen kann und auch versteht. Ich meine, er hat die besten Trainer gehabt, die es gibt. Da kann man auch ein Stück mitnehmen. Er hat einfach Bock und ich glaube ihm macht zum Beispiel dieses tägliche und dieses Reisen und eine Hôtelzeigen, glaub ich, weniger aus, in dem so nahe als mir. Nein, ich werde auf jeden Fall ... Das holen mich in Ruhe. Experte und wer hat all den Spielern, die mich genervt haben, dann werde ich so richtig ausbrutschen. So richtig ausbrutschen, mit der Keule werde ich kommen. Boom! Ja. Und dann werde ich mein Einsteckung richten. Ja, zerdink, muss er mich da nicht mehr analysieren. Das ist gut. Also, Worauf Bock hab, ist schon mit Jungs zu arbeiten, also eher so Nachwuchs. Der hat eine tony-Cross-Akademie. Ja. Und sagt, als Trainer sehe ich wenig. Ich hab die Academy, ich hab die Teams und hab aber die Trainer. Und ist kein Team-Trainer, du bist ein ... Über Schauer das. Und kann mir halt meinen Tagesplan selbst einstellen. Und dann mal ein Technik-Trainer für Jugendliche. Ich bin Sportdirektor, meine Augen da. Abstehesten, Spanien. 50, 50. Schau mal mal. Der Entweder bekommt weiter oder nicht. Das ist mathematisch. Damit nehmen wir ... Wir haben seit Ewigkeit nicht mehr gegen die Spanien gewonnen. Also, kannst jetzt so oder so sehen. Wir sind näher dran, dass die Serie reißt, vielleicht ... Vielleicht auch nicht. Wir sind gut, jetzt kann man den Münd zu werfen. Und dann ... Ich hoffe, dass wir auf jeden Fall ... Ich meine, wir spielen zu Hause. Ich hoffe, dass wir das in Situationen, weil das Spiel wird in Situationen. In gewissen Situationen, wie jedes, aber ... Vielleicht sogar in wenigeren Situationen oder Entscheidenden. Vielleicht spielen Torene nicht, also sogar noch zusammen. Das wäre ... Wir deuten, dass wir ... Vielleicht ein Tor, oder auch. Aber ... Es ist anders, wollen wir es vielleicht doch lieber nicht. Lieber die drei Innenverteile, die eingewächst werden."
How many Chelsea players can you name in 30 seconds？ ｜ Alaba & Kroos.webm,"matroska,webm",0:08:26.628000,131.12 MB,vp9,1920x1080,opus," What's up Marista? Welcome to another video. As you can see today, I'm drawing with two special guests. Tony, gross. How are you? I'm good. Thank you. David, I love you. Okay, so today we have a new game. It's called Lies. It's pretty simple. Let me explain it to you. I will name a topic. Let's say football stadiums. And I will ask you, Tony, how many football stadiums do you think you can name in 30 seconds? Give me a number. 10. 10. And I will go to you. You have two options. You can raise that number or you can say, Tony, you're a liar. And in that case, you will have to prove. You can name them. You will have 30 seconds. If you do it, I'll give you a point. If not, I'll give it to you. Understood? Understood. Yeah? Ready? Let's start. Okay, so the first topic is going to be Premier League teams. Okay, Tony, how many do you think you can name in 30 seconds? 9. David? Yeah, 9. You can do that. Do you think you can name more? This is the problem. There's no third option, right? Lies. Lies? Okay. Are you ready? I'll give you 30 seconds. Three, two, one. Go. Burnley Westham, Tottenham and United Chelsea Liverpool Arsenal. Manchester City. They are not in already, no? No, I think you got eight. You have 30. 12. 10 seconds left. Newcastle. One more. 9. It was 9. It was not to know it. Okay, that's it. Okay, I can do it. I can do it. I can do it. I can do it. I can do it. I can do 20 if you want. You think you can do 20? Yeah, but I don't have to. But I don't have to anymore. You got it. Okay, first point for Tony Cross. That was impressive. Yeah? Was impressive. Yeah, well done. Yeah, yeah. I'm impressed by myself. Okay, next topic, teams that have won the Champions League. In the Champions League era since 1992. How many do you think you're name? One. I can name, I guess. Eight. Eight. Tony. Come on guys, you can start thinking about the... Okay, let's go. Okay, you're a liar. Ready? You have 30 seconds and you start in three. Two, one, go. Real Madrid. Bayern München. Liverpool. Chelsea. A. Semila. Barcelona. Tomorrow, right? Tomorrow, it's the girl. Ten seconds. Under pressure. Chasse. That's it. That's it. Time's up. There are 13. Do you think you're on the fourth round? 97. There are 13. Do you think you're on the third round? Next topic, English singers or English bands? Music bands. Tony, how many do you think you can name? It's a tough one. Yeah. I start with four. Four. David. Two thousand years later. Four. He said four. Four is not much. Do you want to raise it? I think I can raise it. Come on, go for it. I'll hit that and he said. Hasano frazzi con glistula, League. Five. Because he knows the four. Okay. Five. Yeah. Do you want to raise it? I should, I guess. Yeah, I do six. Six. Laya. Laya. Okay. Six in 30 seconds and time starts now. You two. Coldplay. You two, Coldplay? Ed Sheeran. Ed Sheeran. Ann Marie. Robbie Williams. He has a good idea. Liam Gallagher. Liam Gallagher. Okay. Six. Nice. Good job. Yeah. Okay, so what's that? I did it. Three zero. I can go. Three zero. Yeah. Well, we have two more left. The next topic is current members of Chelsea's squad. David. How many do you think we can make? 30 seconds. 11. 11? 13. 13? 30 seconds. 30 seconds. Yeah, you have two fasts. Laya. Laya. Okay, 13. Right? You start in three to one go. Mandy James Luriga. Havats, Verna. Jojinho, Kovačić. Kanté. Lukaku. Mount. You have three left. Pulizic. In 10 seconds. Okay. No, I don't know. That was good. Okay, let's go with the last one. The topic is. I'm getting it in very well. Yeah. So this is... This is Anton. Show it after the Chelsea. Countries in Europe. European countries. That's the best. Yeah. Yeah. Yeah. Yeah. Yeah. Yeah. Yeah. Yeah. Yeah. Yeah. Yeah. Yeah. Yeah. Yeah. That's the topic. Tony. 10. 10. 11. 11. Both. Go. Okay. 12. And you start in three to one go. Germany, Austria, Switzerland, Luxembourg, Belgium, Netherlands. Spain, Portugal. Norway, Sweden, Czech Republic. Finland. That's it? That's it already? No, one more. One more? I'll give you five seconds more. One more. Come on. One more. Come on. I'll give you one more. It was 12, right? Yeah. No, I was. Oh, okay. It was 12, right? Yeah, okay. I knew it. I was looking at Nick. Okay. Tony. Hey, Anton. Well done. That was impressive, man. Okay, guys, who do you think should do this game next time? Give me two players. Who I would like to see? Look at Vaskets. Look at Vaskets. Look at Vaskets. Here you can see another one. Look at Mordic. Look at Mordic. Okay, we will try it. That's it for this video. Thank you. I hope you enjoyed it. If you enjoyed it, remember to leave a thumbs up. And I'll see you in the next one."
Toni Kroos spots fan holding a 'Kroos is the best' sign ❤️.webm,"matroska,webm",0:00:14.168000,9.20 MB,vp9,1080x1920,opus, All CoolDog
Carragher ran off to get an interview with Kroos! 😅🎤.webm,"matroska,webm",0:00:40.868000,17.78 MB,vp9,1080x1920,opus," We fill you in on why there's only three of us over here and that's because Jamie Carrick has thought, my goodness, we're a long way from where all the players are. So here's what I'm going to do is I'm going to go over there, I'll get a player and I'll bring him back to the desk. What does Jamie do as soon as he sees a player over there? Things I know, let me speak to Tony Kroes, the man of the moment, get an interview for myself. You've been a legendary footballer. What's it go out on your last game as a Champions League winner for Ray Armajid? Yeah, it could be worse. There was a plan, I guess, so it seems that in these games we're not able to lose. What is different and special about Ray Armajid that you have so much success in the Champions League? You don't lose finals, I think that's a good base to have, I guess."
Kroos Effects 🪄.webm,"matroska,webm",0:00:24.728000,9.26 MB,vp9,1080x1350,opus, 보고싶어요
Toni Kroos Not Usually this Angry 😳.webm,"matroska,webm",0:00:37.128000,8.28 MB,vp9,1920x1080,opus," Sony as far as Rahim was he pushed by so Sevilla allowed to continue bad day running into Tony Cruz and the referee has given Sevilla the free kick and because I think of the complaints by Tony Cruz a yellow card for the German. Yes, absolutely. The team is not about the foul. It's about the complaining. But he's he's got a lot of experience. He has to know that once the referee blow the whistle. Obviously, you know, you are in the game. You're 100% concentrate. You're committed. Your emotional factor is very high."
Which Real Madrid player could be an actor？ ｜ Kroos & Modrić ｜ TEAMMATES.webm,"matroska,webm",0:04:36.228000,112.57 MB,vp9,1920x1080,opus," Oh, Luca o Tony. Me he tardado con mi amigo. Yo creo que es eso. Bienvenido a el primer capitulo de T-Mates. Yo creo Tony porque está todo el átomo de la vida. Y se tiene que caer una vez. Porque soy muestra muy värde. Za, déjame ponerle un informações, multiplicando el filtrón, étale y quitando la camouflall laugh. Yo nozelf. No sé. Ajáme, no. Si esto lo son. Depending.はじめまして ken該 con una dos y un peque. me Pharaoho gadgeto, muy bien Parece que a mí es bien mouse Μes, computationa Fuego Lucas怎麼 no puede, bands ¿Quien posea lonely? Escbone,uelle kali No es mejor, no sé. Es que hay mucha más técnica que fuerte, fuerte, antes lo do. Alipot, me gusta mucho. Tony, yo tengo ahora, pero primera vez siempre cofía 7. Tony, más veces. Sí, yo antes. Me gusta, no, pero este coche no es eléctico, pero hace un año tenemos un coche de encasa, una hora y también eléctico para mi mujer y también me ha gustado mucho. No tengo ninguno. No sé, hay que ver en Instagram cuánto foto tiene. Sí, que yo estoy un poco más ativo en Twitter. Sí, sí, sí. Tony creo que sí. No tengo tiempo con lo que yo creo que la no me gusta ver, sé. Sabe sobre todo si me engancha alguna quiero verle, ya te tiro. En tonpo es Lucas. Tony, lo estás traído en fin. No sé, todavía no. No sé, todavía no. No sé, todavía no. No muy bien, pero tengo a veces entrenos a mi hijo. También, también. Ay, yo seguro que no. Llego tampoco. Y los dos males, eh. Ni uno. ¡Ramos! A veces no bien, pero... Sí, también, pero a mi primero. Vale. Yo pensaba poner el, pero... Tú creo que también... No sé, pero... ¿Cómo con estos podcastes? Sí, sí. Eso no voy a hablar más, eh. ¿Habéis hecho una vez, no? ¿Hisco? Sí, él una con su mujer. Entonces tú es seguro con esto. Pero sé que ha comado hecho de su alma más o menos. A ver, a ver. Espero que hayas gustado el vídeo y seguimos en el canal de YouTube."
Toni Kroos teaches YOU how to be a GREAT midfielder.webm,"matroska,webm",0:03:56.708000,136.89 MB,av1,3840x2160,opus," To be at the top midfielder you should be good in attacking and defending and controlling the ball. You need to be fast in your actions. For me it's the most important position because if you control the midfielder you have a good chance to win the game. Guys and girls today we get to hang out with Tony Kroes and to use our time wisely. We wanted to learn as much as possible about becoming an elite midfielder from the man himself. So let's jump right into it. Is there a key thing that separates the great players from the good ones? I think you need a bit of constant. Every player has good games, bad games. But if you're on a great level for a lot of years these are the big players and for sure that can show the quality in the big games in the big moments. There's not a big difference between a lot of players but the difference is to show this in the right moments and the big players does. During your time in Real Madrid you ping in balls to players like Isko and Bale all day every day. Can you try and explain to me a little bit the technique behind the long pass? Of course I trained a lot these passes because it's my style of playing to give good passes to my teammates. That's the most important that the pass is with an idea. The teammate I passing to can continue the game in a good way or I make it easy for him. And for this of course the pass has to have the right power, the right direction and this is the most important thing. With the left also? Yes please. Are you like specifically trying to get the backspin on the ball? On a long pass maybe for 30-40 minutes it's about the power. That it's not the ball like this, then it goes straight because it's more fast. What kind of elements and like attributes players need to be a top level midfielder in today's football? If you're a top midfielder you should be good in attacking and defending and controlling the ball. If you play in the centre it's more important to be fast in your mind than with your legs because you don't have that much time to run long spaces. But you need to be fast in your actions to control the ball well and this gives you a lot of time. It's the most important position because in the middle it happens a lot and if you control the midfielder you have a good chance to win the game. Obviously we heard to talk about the new Real Madrid shirt. Are you a big fan of shirts? Is it important for you to look good on the pitch? Yes, I'm also happy with the shirts Real Madrid choose for us because it's high quality and always looks good in our first kit. It's not what I'm wearing now but our first kit is always wide what I love. Obviously it's a big thing for players to swap shirts. Do you have a big collection at home? No, not really. Not really to be honest. Of course sometimes in the situation you change shirts but I'm not a guy that does this after every game. Obviously you've been in Madrid for quite some years already. What has been the most surprising thing about playing for Real Madrid? Of course it's a surprise to you how big this club is but the good thing is I already came from a big club. It was not that new as you maybe come from a small club to a Real Madrid. It's a great atmosphere in a locker room in all the club and I really love this."
＂You ask sh＊t questions＂-Toni Kroos Leaves Interview Angrily after Champions League win vs Liverpool.mkv,"matroska,webm",0:00:56.828000,23.56 MB,h264,1920x1080,opus," Auf dem Angeg gar nicht so selbstverständlich war. Was ist schon selbstverständlich? Ich glaube, das ist nicht so gewesen, das ist auch nicht selbstverständlich. Ich glaube, wir haben großen Fight geliefert. Wir wussten, dass Liverpool eine super Mannschaft ist. Was heißt nicht selbstverständlich? Wir haben gewonnen. Fertig. War das überraschend für Sie, dass der Real Madrid doch ganz schön im Betränknis geraten ist? Also, du hattest 90 Minuten Zeit, der vernünftige Fragen zu waren. Und der stellt es mir zwei so scheiß Fragen. Ich finde, gar nicht so an. Ich finde, das ist so schlimm, weil es zu beeindruckt ist. Das ist so gegen Liverpool unter einen Betränknis. Was hat das für eine Frage? Wir spielen ja nicht in Gruppenspiel irgendwo. Wir spielen es Champions League Finale. Aber das ist so deutlich, dass der Real Madrid war ja in der Kauphase schon ein paar Mal so zu sagen, so gut wie weg. Jetzt ist er weg. Ganz schlimm."
TONI KROOS' LAST MATCH AT SANTIAGO BERNABEU WENT LIKE THIS 🥲🩶 #football #realmadrid #shorts.webm,"matroska,webm",0:00:30.148000,15.74 MB,vp9,1080x1920,opus," Tony Crows entered his last match at Santiago Bernabéu to applause. A small Real Madrid fans banner actually explained how early it was for everything. As he left the field, all his teammates came to him. He left the field to the applause of 80,000 Real Madrid fans and couldn't hold back his tears. In his post-match interview, he said, I'm emotionally strong, but seeing my kids' reaction destroyed me. He posed with the 22 trophies he won at Real Madrid in this manner. As a football lover, if you are sad about Crouch retiring from football, can you like the video?"
TONI KROOS FOOTBALL MASTERCLASS ｜ INSANE ACCURACY 🎯🤯.webm,"matroska,webm",0:12:34.148000,415.13 MB,vp9,1920x1080,opus," So me and Tony are going to play a game. You're the only one who's done. Yes! Yes! Hello, Jake. Oh! What's up, guys? So today, I'm in Madrid with the main man himself, Tony Kruse. I'm super excited. Tony, how are you feeling, brother? Thank you, good. I'm excited because today, Tony's going to be running me through a series of challenges to see what it takes to become the complete player. Now, obviously, you guys know what Tony plays like. He is pretty much the complete midfielder. So I'm excited to get into the mind of a world elite midfielder. So without any more talking, should we do it? Let's go. So we've just set up the target in the top corner and we're going to have some fun now. Tony is super accurate when it comes to passing or just technique striking a ball. I mean, the world knows. And if anyone doesn't, can you just show him anything? It's actually a joke. He's just like ridiculously accurate. So what we're going to do is we're just going to have some fun and do some different techniques to get the ball in the top corner. I always tell him, I don't need to tell him. I don't need to look at him. I'm always done. So the first challenge is the driven pass. Now, you can see we've got a set up here where we've got four mini goals in each corner of the indoor pitch. And the challenge is for us to ping the balls with a low drive into each of the four mini goals. Should we do it? Let's go. Let's do it. Oh, so good. I'm real. Last one. Come on Tony. Yes! Look at that. That's what you learned at Academy. I'm real. I'm real. The passing of this guy is incredible. Oh. Come on Tony. Yes! He's actually aggressively putting some on those. You put a bit on some of them. You have to take a theory. Make class, world class, but we know that already. Oh, my God, what's going on? He's one not mine, I'll add away. I'm going to cover up. I'm going to cover up. Let's check. I think they've both got it in. But Tony's ball just dominated mine. Should we go again? Let's go. Oh, my one was going in. He's one not mine, I'll add away. He was nearly not mine out of the way again. You were lucky, I hit a bit stronger. OK, so now this is a bit of fun. We're going to play the flinch challenge. Now you guys know what this game is. You basically try and make each other flinch. This guy, he's smart. So this is going to be tough, but it's going to be fun. Let's do it. Good luck. Good luck. Oh, he's already guys. Wait, are we definitely recording? Yeah. Yeah. Lee, Lee, Lee, Lee, Lee, Lee. He got me. He got me. He's a little flinch, little flinch. Lee, he got me. He did it one more time. He did it one more time. He did it one more time. You have no camera on, right? It's a little one. It's a little one. It's a little one. One more one. All right, one more one. Wow. It's OK. It was still OK. As we say, they're going to say those things. In your mind, you move. I think this was still OK. In my mind, I move. Right. I think this was still OK. In my mind, I move. Right. Right. OK. All right. Oh! Oh, there it is. There it is. Oh! There it is! Oh, I don't know. OK, three, two, count. Okay, you start. Oh! Ah! Three, three. Three, three. OK. All right, let's go. Oh! Now move. Now move. Yes, now move. Now move. Okay. He's coming, right? He's a member of our team. OK. OK. Yeah. Oh! I'm better than that. That was a good stretch though. I can do that one. That was a good stretch. Match point. Match point. Match point. Let's go. Four four. Good luck. I'm trying your one step. Good. Oh no. Oh no. Did you see that? That was better than anything we've done. There's me thinking I'm not making Tony Cruz. He's got a little unbelievable. Oh no. Oh no. Well played. Well played. So that was Tony's first time ever playing this game. I've played the game before. I've got experience. And he went all the way to the wire which goes to show his mind is unbelievably sharp. But you guys already know that. Now one of the keys with this drill is basically based around fainting in Tony. That's true. That's true. And it was really the first time but you know, you're pretty young one. And yeah, about fainting, of course. We are training a lot fainting the Academy of Apps. So you have the chance to learn of that. Okay, so now me and Tony are going to try something. Tony's up in the stands. He's going to play the ball down to me and I'm going to try and catch it on the first time. But first things first, I need to get this ball to Tony. Yes, Tony. Let's do it. Yeah. You have the next challenge. You know already from the Academy of Apps. It's like a game realistic control we are trying to do now. So let's see. It does it better. Nice. Nice. Nice. Should we try to keep it up? Okay. Yes, lovely. This is a good one for a very match specific isn't it? This happens a lot in games. Well, it comes over. You're tested. He's given the old crew a straw for the shoulder. Oh, he's got a spin on it. He's got a spin on it. Okay, so now me and Tony are going to be testing each other's touch. Then we put in the ball way up and then it's up to the other person to pluck it out and do the same. So this should be fun. Let's do it. Let's see. Good luck. You do it. Ready? Oh, what a touch. What a touch. Beautiful. Okay, so we're going to play a game now where we test each other's touch. We're going to put the ball way up and the other person has to control it. But we're going to dictate which control we use. So if I put it up and say inside, Tony has to use the inside of his foot to control the ball. Next level. Let's do it. Inside. Nice. Inside. Outside. I've stitched you up there a little bit. Sorry about that. Outside. Outside. Here we go. What's the best? Shoelags. Beautiful. Outside. But that's the game. Great drill. Great drill. Well done. Thank you. Tony wins that one. Oh, right. So we got that. Now I think we move on to some other videos. I wasn't expecting that. Okay, so me and Tony are going to play a game. Basically, he's going to say things in German and I have to see if I can repeat them. I'm not going to understand what he's saying, but I'm going to do my best to speak German. So Tony. You're a good player. To push and to catch Kliler. Well done. We won the game. We won the game. Oh, we won the game. You can't do it better in the Tony Crosse Academy. Again, please. Again, you can't speak for better in the Tony Crosse Academy. You can't speak for better in the Tony Crosse Academy. That means you can improve. That's good. And that's it, was it? Not at all. Not at all. Okay, one more before we finish. How do you say, boo in German? Boo. At least I got one right. What a video and what a player. It was an absolute honor for me to be around Tony Crosse today. And you can learn more from the main man himself from the Tony Crosse Academy app. Link is in the description below."
We only have two more matches to see Toni Kroos in Real Madrid kit. 💔.webm,"matroska,webm",0:00:49.448000,19.36 MB,vp9,1080x1920,opus,寿司賢よしどっ………シェガル
Why Toni Kroos Is Retiring After The Euros ｜ #euro2024 #realmadrid.webm,"matroska,webm",0:00:53.948000,20.98 MB,vp9,1080x1920,opus," Why is Tony Crosse retiring after the Euros? He's only 34, he's still incredibly consistent, and Real Madrid's president and manager both wanted him to stay on. Let's find out. The midfielder announced his decision to retire back in May, just weeks before claiming his sick Champions League title, a decision that devastated Madrid's staff. In fact, had Julian Nagelsmann not spent three months convincing him to come out of international retirement, we'd have already seen the last of him instead, he's running games at the Euros. Why not continue? Well, it's mostly to do with Crosse's personality. He's simply not happy with being a rotation option. Think back to when Zadand dropped him for a Champions League quarter final, or when Ancelotti kept replacing him in the second half of big games. Moments like these clash with his careful career plans, where finishing at his peak has always been his ultimate goal, something he mentioned again before the Euros. Be dermis piece for the fall right down."
Interview with Real Madrid midfielder Toni Kroos on Champions League Final.mkv,"matroska,webm",0:03:13.868000,88.73 MB,h264,1920x1080,opus," What are the sensations with the team right now? Good, of course we are looking forward to this. I have long training weeks now at the moment and we are looking forward to such a day to this big final. I'm happy to play this with Madrid of course. I think we had some problems at the end, we were in the final of the Champions League and it's impossible at this time to have more. What are you most looking forward to about Milan? I think we will be great in the whole city. All the fans are always special. Champions League finals are always special. I was playing two finals with Bayern now, the first with Madrid and of course it's great to have this with another club. And the Deathema was won against Atlético Madrid now, you have the chance to win. Deathema against the same opponent. What are the sensations against going up and having the chance to do it again against them? Yes, especially I think it's not normal if you play in three years, two times the same final. But it's the quality of both teams to go to the final again. But we know that it's going to be difficult maybe like two years ago. A lot of people are saying this is a beauty versus the B situation. Would you say that that's a very fair reflection of these two teams? I think it's maybe, but it's positive. Everybody say it's difficult to play against Atlético and it's a compliment. I think for them. So it's a 50-50 game. Absolutely. And of course a lot of people are saying that. It was a walk in the park so to speak for a Real Madrid compared to a Let's Come Madrid. But we all know that that's not the case. It's very difficult to get where you're at. Walk us through the comeback against Wolfsburg and also against Manchester City. Yeah, I think the key was of course the second game against Wolfsburg. We lost there clearly and we had a lot of pressure on the second leg. But we were strong. We were always in Benabeo or like all the season. And then we could turn it around. It was very important. And then we played for me two good semi-finals in the city. We deserved to go to the final and now we have the final. And how are you going to celebrate a few wins? I don't like to speak before how we celebrate. Because we are there. There are 90, maybe 120, very difficult minutes. But it's going to be good if we can win of course. And one very quick question about the European Championship coming up right after this. Germany is one of the favourites. How do you feel about that? How's the team doing? What are you guys going to be doing obviously in order to win? Of course we have a good team. We go to France with a good team. But I think there are many nations that can say the same. Of course we are one of the favourites. We won the World Cup two years ago. But of course we lost two-three important players after the World Cup. And now we have to show that we are good like in Brazil. But it's not going to be difficult. Easy. Not going to be easy."
Toni Kroos： ＂Nach meinem Pass startet das Highlight-Video＂ ｜ The MIXTAPE.webm,"matroska,webm",0:42:47.908000,712.60 MB,av1,3840x2160,opus," Hallo dieses Sachen. Weiß er, wir machen dazu und spät uns alles gut. Ja, wach mal. Lauf du auch, ey, groß, Salar. Du hast nicht gesehen wollen. Nein, nein. Dann kann auch nochmal über Fußball reden. Ist doch schön. Weißt du überhaupt, was wir hier machen. Ich gehe davon aus, so erklärst du es mich. Irgendwas, wenn es in Fußballs-Siturn hat. Im entferntesten Sinne. Dann erzähl. Ja, es gibt ja halt die viele Leute, die schon gesehen haben, dass du da so bellhien und her schießt auf dem Feld und nach jeder Saison dann irgendwelche selber einen goldenen Pokale in die Luft schreckst. Der Mitteil fehlt so ein paar Leuten. Also was hast du da eigentlich für einen Einfluss aufs Spiel genommen? Deshalb, dass wir das einmal zusammen beleuchten. Das wäre mit Ton. Ich gebe mal im Bestes, das zu erklären. Was du da vorher samtet. Ja, was ist das eventuell auch bringt? Richtung Erfolg. Relativ anspruchsvoll, würde ich mal sagen. Ja, stimmt. Da gab es okay, aber ist einfach. Ja, gut mit. Du soll mal gesagt, du solltest nicht schießen lassen. Nein, Spaß, was war das? Man sieht ja vor allem in der Kamera Perspektive von hinten dass ich den recht gut treffe. Und vor allem, was mir auch hilft, dass er in dem Fall der Gegenspieler sich ein bisschen wegdubt. Große Angst, glaube ich, den Ball abzubekommen. Nein, das natürlich dem Tor war doch nicht hilft. Aber war ordentlich betroffen. Ja, mit einem schwachen Fuß, darf man das mal. Man kann das sagen, da ich das war. Ja, mache ich jetzt einfach. Wenn ich mich schwächer bin, kann es für einen Markt beibaut. Ja, nicht das, die das ändern direkt. Aber ich glaube, wenn wir das sehen, dann nicht. Von daher, ja, gut getroffen würde ich mal, würde ich das mal sagen, aber nicht zu halten. Das ist das, das ist eine brinale Schusstechnik. Und das Spiel zu sind verkappten Quartabellk, Spiehmachertief. Nicht ein bisschen schade, das ist ein bisschen weiter vorne. Noch mal aufdauerung kommt das. Ja, ja, das stimmt. Wobei für mich, also um mich selbst wohl zu fühlen auf dem Platz. Also ich habe sagen wir, ich habe lieber 150 Ballkontakte und schießt kein Tor als das. Ich fünfte sich ab und ein Tor schießt. Also von daher fühle ich mich viel wohl, aber ich oft am Ball bin. Pestige ich ja auch ganz okay. Von daher fühle ich mich da wohl, aber ich das Gefühl kann da viel mehr Einfluss nehmen. Auf meiner Mannschaft. Als mit einem im Tor wo Spiel, du weißt ja, wie es ist, wenn du als halber 10er Spiel zwischen den Ketten hast. Natürlich viel, viel weniger Möglichkeiten bald zu bekommen. Weil ich gerne das ja selbst jetzt gerade wenn du ein bisschen hinten speizierst, auch auf der Pass ist nicht immer möglich. Oder wenn nur schwierig, das heißt, du hast deutlich weniger Ballkontakte vorne. Und bis vor allem immer und direkt unter Druck. Und ich habe das jetzt wirklich auch viele Jahre nicht mehr gespielt. Das heißt, du hast es schön in seinem Promfort zu. Ja genau, genau. Ja genau. Wenn man nach hinten gegangen, der Jupp war der letzte. Also rein hat 10er Spielnassen. Und von daher, ich glaube, wenn du viele Jahre gar nicht mehr so viel zwischen diesen Linien spielst, da vorne kann man wahrscheinlich auch da einand bis los, viele ich ja drauf. Dann musst du dich auch wohlfühlen. Und ich habe dieses wohlfühlen, habe ich mit den Jahren so ein bisschen verloren. Wahrscheinlich hätte ich da noch deutlich sicherlich zwei oder drei Märkzeumpro-Spielen, die deutlich entscheidender sind da vorne. Er hätte aber umgekehrt einfach 50 Ballkontakte weniger, hätte definitiv dort mehr Ballverluste, weil es einfach enger ist, fast immer Druck hast. Und deswegen fühle ich mich. Und ich nicht nur weil ich mich da wofür. Ich glaube, dass ich für die Mannschaft besser bin, da wo ich spiel. Was aber nicht heißt, dass ich gar nicht die Idee ab Tor zu schießen. Also es ist schon so, dass ich versucht relativ oft anzukommen. Natürlich mit dem Blick drumherum, was kann passieren, bei einem möglichen Ballfüllus kommt da. Sind wir bei der Mannschaft auch immer wieder die vielen dribbling geht, gerade außen. Weiß wie es ist, wer viel in die dribbling geht, verliert auch auf den Ball. Und wenn ich dann jedes Mal noch Winke am 16er, Winke, dann geht es auf dem Ball. Auch zurück. Auch zurück da wieder. Von daher, von daher versuche ich, wenn ich es wirklich für realistisch, dann kommt da doch mal auf den Spieler an. Du hast natürlich Spieler, die gucken eher nach hoch, um Rückpass, als Spieler, die wo du weißt, die gehen nur ein Brittany, eins gegen eins. Da kommt auch kein Ball, wenn du mitkommst, versuche ich es schlau ein zu teilen, weil es macht ja trotzdem Spaß, zu machen. Das ist nicht so schlecht. Wenn du sagst, was lieber 150 Ballkontakte im Spiel, und das kein Tor gemacht, als 50 Ballkontakte um den Tor, ist ja die Frage, was war das so selber, das so eine gute Leistung? Er brachte das so beim Champions League Finanarland, als ein Eindruck, so, ab, min. 15, 20, hat man mehr so auch. Also, ich hatte schon das gemacht. Ja, geht dir gut rein, dass du ja auch dein Spiel aufziehen kannst? Das stimmt, das stimmt total. Ich war ein bisschen überrascht, muss ich zugeben, weil ich mit dem Tick mehr Druck gerechnet hatte von Liverpool. Also nicht so, dass ich keinen Druck gemacht habe, Tick weiter hinten, als wir erwartet hatten auch. Weil du sagst, was Liverpool vielleicht zu einer war, dass sie noch höher pressen, dass sie vielleicht noch mehr durchgehen. Es ist ein Szene, alle aber hat im Ball. Und du, wie du es schon gesagt hast, ziehst dich eigentlich so ein bisschen in deine, also ich habe gesagt, komfort zu, wo noch mehr ziehst du eigentlich in der Raum zurück, und in denen du dich sehr wohl fühlst. Es ist gut. Und dringendommen ist das eigentlich der Raum, wo normalerweise linksvertragig ist. Das ist gut. Was ist bewusst? Ja klar, ist natürlich auch, wenn man eine Stärke nennt, kann es, das zu versuchen, eine Spiel von hinten nach vorne im Idealfall flach machen. Wir haben einen Seitenwechsel zu tragen. Und in dem Fall, sieht es ja, wenn du ein kleines Stück zurück gehst, da wo David den Ball bekommt, haben wir ja jetzt, wenn du jetzt auf den Stopp gehst, jetzt eine Situation, wo es, ja, wo eigentlich, das mal vorher besprochen, dass wir uns dann außen stehen, da wenigstens, natürlich vorne an die Diener. Und dann gibt es immer die zwei Möglichkeiten. Ich bleibe auf meiner Achtaposition, links verteile, in dem Fall Mandy bleibt links. Aber dann ist es meist relativ statisch und oft ist das Ergebnis, Mandy bekommt den Ball. Alle sind zugestellt, die wieder zurück in dem Fall ist natürlich das Ziel. Und das immer das Ziel, aber in dem Fall was speziell das Ziel, weil wir lieber bei uns auch angeschaut haben. Habt ihr? Ja, haben wir ein bisschen ja. Ist gut, für einen Finale nicht schlecht. Einfach die Spieler ins Zweifel zu bringen. Und die bringen sie ins Zweifel mit, mit, ja, mit Positionsveränderungen. In dem Fall, wenn ich die Szene sehe, natürlich Salah ins Zweifel zu bringen. Siehst das auch an meiner Art Bewegung, wo ich eigentlich ein Verlar hinschick, weil wenn der natürlich, in dem Fall an der Linie, bleibt, dann hat David nur eine Möglichkeit, mich anzuspielen. Weil Salah und in dem Fall versuche ich, den Salah halt ins Zweifel zu bringen. David noch eine weitere Option zu geben. Das heißt, er hat die Option jetzt mich anzuspielen. Wie man sieht, Salah ist nicht direkt drauf. Und Mandy, den ich eigentlich in die Mitte schick, dass er David in Flach durchspielen kann. Und im Normalfall bleibt das Salah dann natürlich in der Mitte, weil er den gefährlichen Rampass, in dem Fall zu Mandy, wer zu macht. Und ich werde frei. Das sind so diese Zweifel, die du einfach kriegieren musst, bei den gegnerischen Mitspielern. Und wenn du einfach nur auf deine Position bleibst, dann ist es pressen, gerade von Liverpool. Es ist echt schwer, auszuspielen. Aber in dem Fall geht es einfach eine einfache Positionsveränderung. Ja, ich ziehe mich raus. Links bei der geschickten Tick nach vorne. Was dann kommt dann nach in. Das heißt, der Gegner muss nachdenken. Er hat Zweifel, bleib ich, man sieht es jetzt, bei dem Standen recht gut. Salah ist eigentlich zwischen zwei Spielern und Zweifelt. Und das ist der Moment, der Tod des Presseins. Genau, wenn er anfängt nachzunehmen. Und für uns ist es beide gut, weil ich weiß jetzt schon, oder ich bin mir ziemlich sicher, zu 9 % ich bekomme den Ball und weiß gleichzeitig auch. Und ich habe auch Zeit, den anzunehmen und noch vorne zu schauen. Und weiß, der ist nicht direkt da, mit Druck. Aber da geht eigentlich jeder, fast jeder in meiner Augen zumindest eine gefährliche Aktion für ganz vorne los. Okay. Kuttern Sie einmal noch weiter an. Ich weiß jetzt gar nicht, wie es weitergeht, aber ich will es auch wieder. Aber das ist eigentlich das Feld hinten raus, der erste ist Tor. Aber das ist meine Einschätzung nach. Ja, ich habe mir nicht verstanden. Das ist ganz interessant, du bekommst jetzt hier den Ball. Das ist ein bisschen das Salah. Hat jetzt mindestens nicht Mendy, aber zumindest dich, ja, trotzdem irgendwie. Aber jetzt bei Manifin ist eigentlich ganz interessant. Bei allerbar geht jetzt in 6-her-Home. Also ich sag mal, Tim Walter gefällt das auf jeden Fall. Der ist der Doppelpass für dem 6, weil du steckst ihn jetzt durch. Und wenn man dann sieht, was passiert? Siehst du, dass Henderson, Thiago, beide nicht wissen, was man eigentlich machen. Und das ist glaube ich, was meint es, dass sie einmal gar nicht wissen, obwohl es jetzt der Raum ist, von Henderson, was wir einmal diese 5 Sekunde verlieren. Ja, klar. Ja, klar. Durch die Situation da vorn. Das heißt, Salah ist dann doch auf mich. Das heißt, Händersen sagt, okay, dann muss ich den Offensiererin, in dem Fall Mendy den Weg zu machen. Und so wird dann wieder eine andere frei. Und du siehst es jetzt auch, wenn ihr die Szene jetzt so anschaut, ist es bei Thiago genauso. Geh ich jetzt drauf. Weiß aber hier, in meinem Rücken jetzt, weil werde, also dieses Zweifeln, was natürlich, so wie du sagst, wenn du ein pressing, richtiges Pressingspiel bist, dann darfst du nicht zweifeln. Dann musst du drauf, im Wissen, mein Mitspieler kommt hinterher. Und wenn du dann aber das Gefühl hast, okay, ich bin jetzt zwischen zwei, dann schaue ich mich falsch richtig, weil das kann ja auch so, es ist ja auch oft so gegen richtig gute Mannschaften, wenn du wirklich einmal zu spät kommst, dann ist das Ganze Pressing ausgespielt, gegen richtig gute Mannschaften. Und das kann eben passieren. Und Liverpool ist, glaube ich, eine der besten Pressingmannschaften, die es gibt. Aber wir haben es glaube ich geschafft, sie zumindest im Spielaufbau, wir haben nicht immer das Idealste draus gemacht vorne, sind dann nicht immer richtig gefährlich geworden. Aber ich glaube, dass wir sie in dem Bereich, unser eigener Hälfte, was das Pressing betrifft, auf jeden Fall, ins Zweifeln gebracht haben. Ja, ich fass mal ganz kurz zusammen. Also du bist aufgestellt, nomennell auf der 8 spielt jetzt hier links verteidigau. Ja, fast den verteidigau. Der ist eigentlich in Verteidigerspiel jetzt gerade 6er. Männ, die als links verteidigers auf der 10, weil wer da rechts außen nomennell aufgestellt ist, auf der 10. Kawa-Kawe-Ral eigentlich das 6 verteidigert, geht jetzt Richtung außen. Und das Spielsystem jetzt gerade ist ein 2-Sieg-Meins. Und ist nicht alles? Ja, das ist gut zu sagen. Das ist der Karlo-OK. Und er das? Ja, wenn vorne ein Torfeld, aber wenn du es da entscheidest, okay, wir spielen jetzt jeden Doppelgras. Ja, natürlich. 100% ist dieser Freiheitlister. Lester absolut. In dem Fall ist es wirklich eher, dass er natürlich analysiert, wie verhält sich Liverpools Pressing. Wo sind unsere Lücken? Und ab dann ist er wirklich so. Und ab dann entscheidet ihr. Ab dann ist kreativ. Ab dann ist situativ. Und ab dann habt ihr vor allem alles schon 100.000 mal gemacht. Also das ist schon irgendwann so ein 2-3-Halarmadritt, Tony. Ja, ist auch so. Ist ja auch das korrekt. Und er kennt uns ja. Also ist ja nicht so, dass er das irgendjemand einfach so in die Hand geht und sagt, mach mal. Er weiß ja, dass wir in Grundsättedituationen richtig lösen. Und es ist genauso viele Fehler vorkommen können, wenn er es jetzt passt für Pass vorgebt. Natürlich sind gewisse Hilfe, denn ich das er. Es ist ein weniger Vorgaben. Es sind für uns Hilfen zu sehen, was macht der Gegner? Und wie können wir dagegen? Aber du weißt, wie es ist. Du kannst nicht alles, du kannst nicht alles vorgeben. Dann wäre wahrscheinlich vielleicht auch da richtige Pass nicht gewesen. Und von mir zum David jetzt. Aber es ist eine Reaktion darauf, dass man ihn ins Mittelfeld gehen lässt, ohne ihn zu decken. Und wahrscheinlich spielt auch nicht jede dann David an. Weil das kann auch gefährlich werden für ihn. Ja, also vielleicht spielen 80% zum Torwart in dem Fall. Auf jeden Fall, weil du den verlierst. Also dich meins gegen eins gegen dich. Ich oder David? Ich oder David? Ja. Lauf du, ey, Großzalla. Du hämmst dich nicht in Wolle. Nein, nein. Zumindest ist ein Geld geändert. Laufen wir einmal durchlaufen. Ja, das ist die Entschiedungsgeschichte von dem vermeintlichen 1.0. Also es ist eine... Es sind Details quasi am Anfang. Es ist auch 30 Sekunden davor, aber trotzdem. Also es ist ein kleiner Schlüssel, wie das zumindest hier zu einer sehr großen Torschatz gekommen ist. Ja, klar. Also es ist ja immer der Ursprung, ne? Aber du gräst so die Situation, dass David in der Gegner schon halb der Relativ... Ja. ... ohne Druck im Wald spielen kann. Und dieses Sehen musste ja versuchen zu kreieren, um gefährlich zu werden. Das ist auch ganz, ganz oft oder fast sogar zu, wahrscheinlich zu 80%, 80% von Maratze-Bruzent nicht gefährlich wird, das ist ja wieder andere Stämme. Aber es hat halt die Voraussetzung. Ich hab mal zwei Statistiken für dich dazu. Ich bin gespannt, ob das zu ner... ... auf das zu nerven ist. Ja, sehr, sehr... ... sehr banal. Ist einfach nur wie viele... ... Prozent, wie viele Ballkontakte... ... hast du eigentlich auf einer anderen Position... ... auf der du warst nicht aufgestellt. Oder ich hab jetzt mal gesagt, was ich für zahlend sagen, jetzt gerade im Nominale 8.6 war. Also, da ist das die Machter. Ja, schon... ... schon 8. Im Finale ehrlich gesagt war schon die Idee er 2.6 Jahren ein bisschen davor ging City auch. Aber grundsätzlich im System eracht er ja. Okay, als ich hab mal gesagt, okay. Aber selbst 6, wer erwuscht, das ist ein linkswerteidiger. Ich hab mich mal zusammengepackt, dass es auch der Position ist. Aber wenn du zwischen den Verteigekommenslingsverteigungsfutterjahr links auf fühlst... ... dann nicht mehr durchdann, gehachst dann nicht mehr durchdann. Du hast mehr Ballkontakte auf einer anderen Position, als auf der du Nominale aufgestellt wolltest. Also schon extrem die... ... Träksibilität. Und bei mir ist halt einfach so, dass natürlich die 8. Position, wenn du nur reine 8. Spielst eine von denen ist mit dem meisten Druck. Wenn du reine da spielst, weil du hast immer jemand um dich. Das heißt, du spielst nicht an der Linie von wo schon mal keinen Gegner kommen kann. Das heißt, wo du meist eingegen Spieler hast als Außenspieler. Aber als 8. Aber wenn du dann nicht dich nicht so sehr vororientierst, dass du wirklich jedes Mal einen kompletten Roten Umblick hast, kann es immer sein, wenn du zwischen den Linien gespielt wirst, dass dein Gegner schon 6. Dass mal der Inverteidiger von hinten raus kommt, dass immer in der Nähe mindestens 2-3 Gegenspieler. Nicht in unmittelbarer, aber immer so in der Nähe. Das heißt, der erste Kontakt muss eigentlich fast immer passen auf dem Niveau, dass du eine positive Aktion hast. Im Gegenzug dazu halt die Position, wo ich mich dann halt hinfallen das. Dort ist oft so, dass selten der Gegner schon 8. Also so weit raus, presst, dass er bei Annahme schon bei mir ist und verschafft mir ein bisschen mehr. Ich bin schon mal froh, dass du das Wort Druck auf jeden Fall nicht genommen hast. Wolltest du darauf hinaus? Ich bin froh, dass du Druck verspürst. Oder wenn du kroketeerst ja schon sehr damit, dass du nie nervös bist und auch nicht auf dem Finale. Ich hatte wohl deshalb das, aber ich habe auch gedacht, dass du das Wort Druck eigentlich nicht so als Wort war. Aber du scheust ihn ja auch nicht. In City liegt 3 ein Zünden, also das Spiel ist nicht optimal gelaufen, wie viel die meisten Mannschaft geht. Oder wie man meistens an den Hinspielen. Genau. Und City presst euch das, reilt die Fuh. Kennst du diese Situation, wenn du so siehst? Wenn ich sehe jetzt, ja, das wird das 3-2. Exakt. Und das ist interessant, du? Wenn du dich hier nicht zeigst, und du zeigst dich jetzt hier, wenn du so sagst, so rund umblick, das sind vier Spieler um dich herum. Reigener 16er, drücken zum Tor, eklige Situationen und der Winkel für den Past danach ist jetzt auch nicht ganz, nicht ganz easy. Tradet dafür kriegst du jetzt nicht ganz normalerweise, oder? Nee, magst du mal beim eigenen Trainer, wenn du die Szene nochmal anschauen, von außen sicher nicht. Fiererweise ist schon 8,9 Centrinitius dahin. Ich hab nicht anderes überhaupt das. Aber jetzt ist es auch nicht, dass ich das auch gemacht hätte, wenn ich da außen im Backei. Ja. Ich trecke da hinten abgekab. Ja nicht. Aber so wie du sagst, das sind dann 100 Aktionen, 90 mal passiert oder nix, aber ab und zu. Ist es dann doch das Detail, oder? Ja, ich kann das zurück. Ich kann das sehr gut erkennen, weil ich die Szene natürlich gut. Also erstmal habe ich natürlich die Allgemeine, die Allgemein-Mamastadt, die Allgemeine Spielsituation natürlich im Kopf. Also ich glaube wir kriegen gerade das 3-1, eine Minute vorher. Das war ja direkt, glaube ich, eine Minute vor das 3-1. Und was du auf hast mit der Mannschaft, mit Euphorie, das ist sehr bei City 3-1 gemacht. Und wir waren an dem Tag auch wirklich so, dass sie auch hätten 10 machen können, das haben wir gespielt, das haben die gespielt. So, natürlich wollen sie dann direkt, und kommen jetzt mal als 4-5. City ist aber auch eine Mannschaft, die gegen die du spielen kannst. In dem Fall weiß ich auch, dass City jetzt noch mal das Tor gemacht drücken. Du siehst ja alle Pressen vorne, das heißt ich weiß, jetzt wo er den Ball hat. Für meinen Kopf, einfach nur was in meinem Kopf vorgeht, in dieser Situation. Ich weiß, ich muss ihn mit dem ersten Kontakt spielen. Wenn ich den Ball annehmen, dann verliehe ich ihn 100%ig das größte, wenn ich irgendwie einen Fahrhaus hol. Aber da kann ich ja nichts machen, weil auch gerade 1,3, jetzt gibt es auch nicht so viele, um mich herum, die jetzt unbedingt auch da an den haben wollen. So, das heißt ich weiß, ich muss ihn gedrecks spielen. Und darauf stelle ich mich natürlich jetzt schon ein, wo der Nachschuh den Ball hat, dass ich den nächsten Ball direkt spür muss. Und da kommt halt eben nicht vielen Frage als der Raum da rechts raus. Ich habe ja nicht mal die Option, ihn lang zu hauen, so wie ich ihn jetzt bekommen. Also die Option ist direkt oder Ball verlieren. Und an dem Idealfall bei direkt habe ich halt auch Eurigen Optionen, die da einen Dunkelblaus spielt. Und du sagst es ja richtig, im 99% aller Fälle fällt da raus kein Tor. Und ist das einfach ein Pass über sechs Meter, den kein interessiert. Und bei dem einen Prozent wollen Torfeld fällt ein Tor, aber interessiert trotzdem keinen. Aber es ist zumindest mal das Maximum aus der Situation, glaube ich, rausgeholt, kein Ball verlust. Und vor allem natürlich auch ein paar, in dem Sinne ein bisschen das Brescking überspielte. Zumindest im Fälle am Ende, in dem Fall mal 1,2 Sekunden gegeben, die bis dahin keine hatte. Und das ist in dem... Das Statistik da geht's nur darum, wie häufig hast du dann Druck aufgelöst, also der nächste Mitspieler hat dann weniger Druck als du. Also wenn du den nächsten nicht sagten, auch wieder unter Druck anspielst, dann würde das jetzt hier rausfallen, weil die Situation nicht verbessert. Und da sind immer 57 Stiele in der... In der Liste, wir sehen natürlich nur die Top 3. Sind ja schon noch ein paar andere ganz gute Schuhe. Ja, der Weg ist eine Klockensträge mit... Ja, auf 3. Mit der Position vorhin was wir besprochen haben, dieses Rückfallland ist natürlich um ja selbst Druck zu nehmen. Auf anderen Seite weiß ich auch, dass natürlich auch viele Gegner auch darauf ausgerichtet sind, gegen die Trainer-Richten ihrer Mannschaften drauf aus, auf welchen Spieler sie Druck machen sollen, die jetzt nicht zu viel Zeit zu überlegen haben. Und da will ich dann auch sogar... Das möchte ich nicht aufs Brescking auch fahre. Von der Gegner aus verkauft. Du hast dir bisher selten bis zum Strafraum einfach mal so heuste, wie du manche Inderteile gegangen hast. Ich hätte da ein bisschen so traf mal laufen. Nein, und in dem Fall, aber es ist ja auch immer eine große Chance. Das heißt, du weißt das selbst, wenn du selbst als Mannschaft pressst, wie scheiße es ist, wenn du Druck machst und der den Ball hat, das mit dem Pass an dir vorbei auflöst, weil du weißt genau, jetzt geht die da 50 Meter zurück, so und das natürlich dann auch immer die Chance selbst im Ball besitzt. Aber dafür ist natürlich ein Wort, das was über allem steht, das ist die Orientierung vorher. Das heißt, wenn du Druck magst, dann magst du ihn aber nur, weil du die Lösung hast. Und die Lösung hast halt natürlich nur, wenn du dich vorher orientiert hast, wenn du... wenn du mit maximal zwei Kontaktenauskommst, dann... Und das ist eben auch meine Idee, das immer zu tun, mit einem oder zwei Kontaktenaus zu tun. Weil ich da nicht nur den Druck auslose, weil ich auch weiß, dass ich mein Gegner, mein Mitspieler dann definitiv in eine bessere Position bringen, als ich sie vorgefunden habe, sag ich mal. Und ein bisschen mehr Zeit geben. Und das natürlich, die Hauptidee, weil ich weiß, wie sehr es ein Gegner weht, wenn Pressing überspielt wird. Das mag ich auch umgern. Also wir machen es auch manchmal nicht so gut, zu denermaßen. Hast du schon auch Pressing gespielt, möchtest du auch? Ja, ja, ja, ja, auch wenn es vielleicht manchmal nicht so aussieht. Aber auf jeden Fall, als Mannschaft ist es halt also als Idee. Nein, aber es tut halt einfach dann wehlen natürlich, als Mannschaft alle 50 Meter zurück, dann den Banguht ist Pressing. Aber gerade die Spieler tun ja meistens die so was dann auflösen. Ja, die ist den Mitspieler in einer besseren Position bringen. Hab ich jetzt schon wieder eine Überleitung gemacht oder? Du machst ja die Überleitung. Du machst noch ruppen, das ist auch nicht abgesprochen. Das ist auf jeden Fall gut, wenn nur 150 Ballkontakte pro Spiel haben willst. Sonst wäre es ja ja scheiße. Blah, wenn es noch nicht so ist, wär es eine Ruhe. Da können wir das Passkoten angucken und so weiter. Aber wie du weißt, das ist jetzt halt die weniger Aussagekraft für den Einfluss von dir. Deshalb soll es ja... Ja, 8-Slower. Fußballgegeben haben die 8-Slower. Kennst du ja ein Entwickl, die vielleicht da nicht mal messen. Okay, ist ein Pass angekommen oder nicht, sondern auch das die Effektivität. Das ist jetzt die aktuelle Champions League-Saison-Mittelfeld-Spieler. Das Pro-Spiel 63 Kickner bespielt mit deinem Passen. Durchschnittswert ist 31, also doppelt so viel. Ja, wieder durchschnitt. Auf 2. Kimmich lässt sich das Bolter schlafen. Wenn er das so beimpfert ist oder zumindest jemand haste, das dann... Ja, ich würde das... Das hätte ich auch so vermote zumindest mal. Weil ich auch ein paar Spiele nehmen ihn gemacht habe. Und da ich weiß auch, dass er natürlich immer das der den Pass nach vorne auch fossiert. Vielleicht sogar noch ein Tick mehr als ich. Zumindest was eine Art Chip oder Langerball geht da teilweise sogar noch ein bisschen mehr ins Risiko. Als ich weiß nicht, ob es dafür auch stattdessen gibt, wahrscheinlich. Man sieht es an den Ballverlust werden. Ja, sehr normal. Es ist ja auch absolut gut. Ich glaube, dass dafür die Quote, die ankommt, immer noch überragend ist für die... für das Risiko, was er geht, definitiv. Jetzt haben wir selber kommentieren. Live. Ja, natürlich. Ja, ich befange mal noch mal vor vorne an. Ich dachte, du wolltest dir live kommentator werden. Ja, ja. Harion, du zeigst du, du kommst den Ball von der Seite. Ich würde mich wieder an meiner Lieblingsposition... Ich darf mal ein bisschen langsam anmachen. Ja, es gibt so schöne. Ich könnte vielleicht machst du... Ja, genau. Also, ich glaube, ja... Ich weiß nicht, ob es ein trauriges Mittel fällt, kann man sagen. Das ist... Sexverwärts. Ja, doch, da kann man von Sex versprechen. Das ist noch Positionsfreufe, da gefällt es. Das ist okay. Ich hoffe, dass das an die Statistik eingeht, dass ich da auch Positionssex war. Jedenfalls bekomme ich den Ball, habe keinen Druck. Logo-Rowiser versucht dann zu schauen, was vorne möglich ist, in dem Fall. Jetzt kann man es kurz weiterlaufen lassen. Komm, Karim, den ich aber in dem Fall, ehrlich gesagt, was ich weiß bei diesem Pass, dass er mir diesen Pass nichts weltbewegen, das anfangen kann. Was ich aber weiß, ist, dass dann im totaliger Mitkomm, weil Karim war auch in dem Raum, wenn du ihn frei lässt, so gut ist, Fußballerisch. Ich drehe, was gefährlich es macht. Das heißt, ich weiß, dass in dem Fall, glaube ich, Thiago Silva kann es sein. Druck macht, was ja nichts anderes heißt, dass dann dahinter Platz entsteht, in dem Fall noch gar nicht, wie wir den nutzen werden. Aber Karim macht das, was ich auch erwartet habe. Das ist eigentlich glatt schon wieder auf mich. Und dann wird halt neuer Pass frei, wie Nisios kommen, ein bisschen nach innen. Der kann schon wieder mehr machen, weil er nicht direkt ... Also, er hat auch das Gegner Druck, aber es ist zumindest schon mal mit dem Körperrichtung gegen das Schistor. Das heißt, kann in dieses Eingängen einsgehen oder eben dann in diese Doppelpfanne mit Karin und dadurch, dass Chelsea in dem Fall relativ hoch ist, natürlich dann auch seine Geschwindigkeit ausspielen und den Rest machen die zwei sehr gut. Nicht so schlecht, dann. Also, mit einmal quasi komplett mittelfeldgätte aus dem Spiel, das offizielle Highlight Video startet. Genau. Ja, mit ersten Balkonntakt, wie Nisios. Ja, das andere war noch der Arbeitwerk. Ja, aber natürlich. Nein, das ist so barangespielt danach. Es ist ja auch, was vorher passiert ist ja auch. Das habe ich vorhin gesagt. Es ist wichtig, aber keine Garantie ist es eine Farbhaussetzung. Die aber ... Und das ist meine Meinung, die genauso schwer ist, wie dann das Tod zu machen, nachher, je nachdem jeder für seine Qualitäten, für den ein ist dann schwerer. Ich hätte jetzt das Torfon nicht gemacht. Ist ganz klar. Ich habe jetzt auch keinen Zweigampf gehabt. Ich werde jetzt auch dem nicht weggelaufen, wie Nisios vielleicht hätte, aber Nisios auch meiner Position vielleicht wäre gar nicht in die Situation gekommen. Das heißt, Wichtigkeit ist immer ein bisschen relativ, so wie man sehen möchte. Und natürlich, na, ich verstehe das ja auch. Aber das heißt, ich verstehe das auch. Natürlich sind die Torre die Highlights, aber von dem habe ich mich nicht nur freigemacht. Wenn das ... Ja, wenn das so wäre, dann wäre ich relativ unnütz. Das ist die Vorrunde der Champions League auf Tiefen, eben. Bist du überrascht, dass ihr auch einen Zeit vor PSG, vor City, vor Bayern, danach ein Glipperpool, das ja auch dann auch. Resten, also vor dem Tunjah. Ich würde mal interessieren, wie es dann ab K.O. war. Ich glaube, dass wir dann eher ein bisschen weiter ... Ja, ich hab die Spiele natürlich im Kopf. Deswegen ... Ich glaube, dass dann eher die Mannschaften da unter uns überholt haben. Aber nur von der Statistik nicht vom Weiterkommen. Aber ein bisschen überrascht mich schon, ja, weil wir ... Natürlich, wir haben die Fußballer dazu und wir haben auch die Fußballer, die die denen haben. Aber wir haben nicht grundsätzlich diese Philosophie nur ... Flachpass gegen ja, bei Spielen. Das grundsätzlich nicht die Philosophie, weil es auch oft darum geht, einfach Spieler in Positionen zu bringen, eins gegen eins zu gehen. Das muss nicht immer ein flacher Pass sein. Das kann auch mal quer Seiten wechseln. Ich weiß, dass es auch eine Form von überspielt, ein bisschen anders vielleicht. Aber das überrascht mich ein bisschen, ja, vor allem weil ich weiß natürlich, die Spielerlage, speziell City Bayern, ist noch mal eine leicht andere. Grundsätzlich gibt es andere Mannschaften, wo es mehr auf Ballbesitz ausgerichtet ist als bei uns, weil wir schon auch mit dem Gedanken einiges Spiele gehen, ob das jetzt vor City oder so ist, dass wir wissen oder auch akzeptieren, noch viel wichtiger. Nicht nur, dass du weißt, dass du vielleicht nur 40% im Ball hast, sondern dass du es akzeptierst, also, damit leben zu können. Viele Mannschaften, wenn jetzt merkst du gerade, die extrem viel den Ball haben wollen, die können es nicht akzeptieren und tun sich automatisch schwerer. Wir können es halt wirklich auch mal akzeptieren, mal sie machen Minuten in der eigenen Hälfte zu sein. Das ist so diese ... auch dieses Kalo, dieses ... Weiß er, wir machen dazu. Und spüren es alles gut. Es geht, passiert nix. Wenn du aber natürlich voll die Idee hast, wie ein PEP, zum Beispiel, wir wollen den Ball haben und unter 70% für den Mann es nicht wirklich wohl, dann sind dir eigentlich, glaube ich, oft bei gegen den Ballbesitz, einfach nicht zufrieden. Wir sind teilweise manchmal wirklich einfach zufrieden, ohne den Ball. Und das hilft vom Kopf, wenn du mal eine Zeit lang nicht hast, trotzdem im Spiel zu bleiben. Meines Achtens setzt du eigentlich direkt zwei Möglichkeiten tief zu spielen. Ich weiß nicht genau, aber geht es ums schwer, mal zu sehen, vom Kamerawinkel. Ich glaube, du könntst ihn direkt nach vorne Wertekei durch spielen, oder sogar auf Bense Ma. Zumindest weiß ich nicht, wir sind Benisius und Mandy. Ich weiß nicht, gerade wenn ich glaube, Mandy ist außen wie nicht so so sehen. Ich glaube, der auf Mandy könnte durchgehen. Bense Maillet stand jetzt noch nicht, aber vielleicht kommt das gleich noch. Weißt du was du machen wirst? Ich spiele auf jeden Fall den ersten auf Werte, dann bekomme ich ihn zurück. Und danach weiß ich nicht, wenn du das kannst. Sehr gut. Aber das ist, glaube ich, der Pass, den dann keiner versteht. Oder? Also warum spielt es jetzt drei Meter Pass auf Werte? Obwohl er? Ja, einfach nur. A, weil ich es mag, wenn mit Spieler im Spiel sind, Ballkontakt haben und B bei Kantäen 1 gegen 2 Spielen muss. Ja, das ist... Ich glaube, du willst den sogar eigentlich, dass er die Seite wechselt, kriegst den zurück. Ja, genau, er hat sich theoretisch aufdrinken können. Nicht ganz einfach, weil noch ein zweiter dazugt haben, in dem Fall. Aber ich weiß, wenn ich ihn zurückgekommen habe ich kurz Zeit. Ja. Jetzt ein zweites Spiel. Jetzt ein zweites Spiel. Ich habe irgendwie das Gefühl, dass er ein bisschen Rhythmus hat. Also, hätte es so in der ersten Tief spielen können. Das wäre jetzt ein bisschen vielleicht der B der nahe. Erster Ball T, vorhin soll er mal klarkommen damit. Aber du... Ich glaube, dass... Der erste... Ich glaube, dass der erste tiefe passt, dass wir noch nicht ganz so bereit gewesen wären. Aber Chelsea wäre bereit, gewesen, den zu verteidigen. Weil er mehr oder weniger... Nicht aus dem Stand, aber weil es offensichtlich... kriegt nicht viele andere Optionen. In dem Fall haben wir schon 1,2 Pässe gemacht. Das heißt, der Gegner muss auch wieder 1,2 Mal seine eigene Position verändern, rausschieben. Und dann öffnet sich immer mehr Räume als wenn ich quasi stehe den Ball hab. Und auf dem Stand tiefspiel kann er ankommen, kann er nach vorne aber... Ich glaube, es ist einfacher zu verteidigen, wenn du einhastst, wo du ein Idee hast. Jetzt weiß eigentlich keiner, was passiert. So, das heißt, die wussten nicht, ob weil Werder auftret oder mir zurückspiel. Die wissen jetzt nicht, spiel ich in jetzt tief, der würde übrigens wieder gehen, aber ich glaube, ich spiel den Kot. Mir nicht so es kommt entgegen. Das heißt, es ist viel mehr Bewegung überall. So, und wir waren in meinen Augen jetzt bereit dafür, weil mehr Bewegung war. Da war es daraus zu machen. Und deswegen sind... Nicht jetzt, weil das quer kurze Pässe in meinen Augen viele kurze Pässe... Nerven die Gegner schon, wenn du in Bewegung bist, aber natürlich brauchst du natürlich alle in Bewegung dafür. Und das auch gerade in solchen Spielen, auch jeder den Ball in solchen Situationen haben will. Und auch wieder zurück haben will, weil wir bringt's nix. Wenn man einmal Klatschen lässt und dann ist gut, das heißt, wenn du drei Spiele daraus die immer wieder haben wollen, dann wollen wir wieder haben wollen und dann das auch lösen können. Und dann gleichzeitig natürlich die Außen, die dann irgendwann Optionen geben und tief gehen. Dann ist es viel viel zu viel zu verteidigen. Wir gucken auf die Übernext-Saktion. Also, die ist die Spielsituation beim übernächsten Spieler besser als deine Ausgangsposition. Und das ist jetzt mal zwei Schritte weiter gedacht, dass um eigentlich so deinem Strategisch-Pategisches Denken besser beurteilen zu können. Was geht ja ein paar Schritte im Voraus. Und das ist die Statistik dazu. Also bedeutet, zu 80 Prozent, wenn du tief gespielt hast, zu 80 Prozent war es statistisch nachweisbar, dass diese Spielsituation bei der übernächsten Situation besser war. Auf 1, Kassimiro, fand ich auch eigentlich ganz interessant. Oder? Ja, finde ich auch. Könnten natürlich ein kleiner Team Bayern sein, dass du ja eine gute Manche seid und dann... Oder er hat mich immer angespielt. Das war direkt klar. Der war der nächste. Was war der nächste auch will? Nein, Spaß bei Seite. Also, ist natürlich immer die Grundidee, ja nicht nur den nächsten besser zu machen, sondern das allgemein nach vorne zu bringen und besser zu machen. Natürlich bist du bei dieser Statistik auch extrem abhängig vom nächsten Spieler. Aber ja auch von dir und allem bei dir. Ja, ja, klar. Aber natürlich auch von der positiven erste Anschlussaktion. Aber klar, dass die grundsätzlich Idee und bei vielen Passen ja auch nicht bei allen. Dafür habe ich auch zu gut dem Mitspieler, dass die dann schon die nächste Entscheidung sehr gut selbst treffen können. Aber natürlich gibt es Pässe, wo du dann schon den Pass spielst und die Idee hast, wo der nächste den auch hinspielt. Wenn ich aus und weiß mal in meiner Position bin und in verteidiger spielt mich an. Ich habe jemanden im Rücken, dann ist es relativ oft so, dass dann der eigene Sechser, dieser kurze auf den Sechser frei ist. Weil man ist die gegen den Stürmer nicht immer direkt im Kopf haben, so jetzt schnell verteidigen. Dann weiß ich schon, dass dann der nächste Pass da nach vorne möglich ist. Das ist nicht meiner, sondern der nächste Pass. Aber es sind natürlich auch jetzt nicht in jeder Situation und der Druck möglich danach schon den Pass zu lesen. Dann ist schon auch, ich bin schon auch schon zufrieden, wenn mein Pass ankommt und wenn mein Person ankommt, dass der auch noch was damit anfängt. Ihr seid ja auch sehr, sehr, sehr eingespielt. Spielt sehr, sehr lange zusammen. Ab dem Trainer der, du sagst das auch euch ab und zu mal, eins für Freiheit gibt. Wie ihr die Situation aufflöst, ist das ein bisschen Teil der... Dass das eine, dass es selbst entscheiden, das andere ist aber schon so, dass auch Karlo genau diese Sachen vorgibt. Dass er uns nicht da diese Handschellen anlegt zu sagen, der da natürlich eine Idee, wie wir den Gegner bestellen können. Aber auch viel mit Gefühl, was es gut, womit fühlt sich der Spieler auch wohl. Es wahrscheinlich auch nicht immer, wahrscheinlich gibt es auch Situationen, da hätte er mich deutlich lieber als achter da vorne, um Gegner zu binden, weil er weiß, dass ich es auch dort lösen könnte. Weil der Gegner vielleicht gar nicht uns gar nicht so sehr Druck macht. Das heißt, du brauchst diese Räume eigentlich einen Gegner hinten. Weißt ja, wie es ist, wenn der Gegner hinten ist, brauchst du eigentlich gar nicht so viele, die den Aufbau machen. Weil du dann vorne einfach weniger hast zwischen den Räumen. Aber er weiß trotzdem, okay, da ist der für uns vielleicht am besten, dass der für uns am besten und dann versucht er das anzupassen. Das heißt, es ist nicht nur so, dass das eigene Entscheidung sind, das ist auch so, dass Karlo jetzt zum Beispiel gegen Liverpool sagt, okay, wenn die so pressen, Händersüten geht auf mich, Thiago geht auf... Thiago geht auf Motrich, vorne die drei machen die vier, dann es ist auch eine Vorgabe oder eine ganz klare Idee. Wenn Sie mal in diesen Zwischen-Dilinien und dann als Zehner oder teilweise sogar acht da und dann gucken wir mal, ob der inferteiliger sich traut mitzugehen, wenn wir nicht so es auf der anderen Seite aber durchgehen könnte. Also, es sind schon auch schon klare Ideen dahinter. Für die ich wieder die zum ersten Mal auf der großen Bühne war, hatte ich nur den Einlock-Archety. Wir haben jetzt irgendwie, machen sich jetzt eine Rose, dann irgendwas Gefühl, okay, in diesem weißen Shirt oder in eure Gruppe, falls es nicht, ob wir es per Ball weitergegeben, ob es einfach in der Gruppe drin ist, dass es so dieses Real-Setzverständnis in alles in Ruhe gibt. Es ist interessant, also ich war jetzt mal acht bis jahr dort immer dritt und trotzdem hat mich das Jahr nach mal überrascht. Ich weiß, ich habe nicht gedacht, dass das noch mal möglich ist, vor allem nachdem, was wir schon gewinnen konnten, was wir erlebt haben. Dieser Champions League-Saison, die wir dann doch nochmal anders, und ich glaube, das ist viel mit dem Verein grundsätzlich zu erklären ist, dass es auch was mit dem Stadion zu tun hat, dass das mit dem eigenen Kopf, aber auch viel mit dem Kopf der Gegner zu tun hat, wenn gewisse Situationen passieren und dass das nicht einfach nur der Herr gesagt ist, sieht man gegen wen wir gespielt haben. Und es ist allen drei ein passiert. Wir haben gegen Paris, gegen Chelsea und gegen City gespielt, eigentlich total, wenn du dir die Spieler anguckst, total abgezockte Mannschaften waren alle besser als wir über 180 Minuten und keine hat es am Ende geschafft uns kaputt zu machen. Das ist nicht immer nur dann Fußballerisch zu erklären, das ist dann einfach, das sind Momente, dann gerade in den Rückspielen City, 90. Minute, 1.0 sind die. Ich wollte ehrlich gesagt ins Bett gehen, ich war kurz davor, es war schon recht, es war spät und ich war auch, aber vielleicht war auch im Weg. Ja, aber das ist ja auch genau so irgendwie, ich weiß nicht warum, ich kann es nicht erklären, aber bei anderen Mannschaften glaube ich werde ich ja uns nicht mehr. Das ist ja nicht so, dass man sagen kann, die sind nah dran am Tor. Also es ist ja mal so tot. Von daher ist es auch teilweise auch für mich ein bisschen schwer zu erklären, das ist einmal diese Wille, dieses dran glauben, diese eine Aktion verändert dein Kopf, verändert den Kopf des Gegners, ist das Stadion, was dazu kommt, was dann einfach ein wirklicher Kessende ist, wenn die dahinter sind. Und da kommt das alles dazu gekommen und dann bin ich auch relativ weit weg von irgendeinem Zufall, weil für ein Zufall passiert es so oft, dass das so ist und ich glaube, dass, weil du gerade einige junge Spieler ansprichst, man muss auch ganz klar sagen, dass wir ohne diese Jungspieler nicht ins Finale gekommen werden. Also das kann man ganz klar so sagen, auch wenn jetzt von mir aus der, im Finale war es dann wieder ein anderes Spiel, da musste dann in dem Sinne mal nichts umgedreht werden, so dass wir das irgendwie gefühlt, so ein bisschen auf unsere alte Art gewonnen haben, gaben in meinen auch schon Unterschied zu den K.O. spielen davor, wo es uns auch extrem gut getan hat, in gewissen Situationen Jungs zu bringen, die entweder das schon verstanden haben, was wir ja mal dort beleutet, oder sich einfach gar kein Koffer ummachen und sagen, pass auf, kann man den Binger rein, kann man reinfandlich mit alleine Körpersprache hatten, mehr ausgestrahlt so, alles klar. Ja, ich kann auch ran. Erst mal herdeballen und auch dieses ist mir auf anderen Seite und weiß nicht, Rot, Dridipo, Räume, das ich gar nicht frisst, ich fress dir auf. So dieses Ding, und das ist schon gut und beeindruckend mit 19, weil wer da auch, wie er marschiert, und dazu das Vermisch, damit wir was wir einbringen können, was wir glaube ich über die Jahre gemacht haben, das hat glaube ich so eine Gruppe gebildet, die einfach dran geglaubt hat im Verbund. Und trotzdem hätten wir locker in jeder Ohne ausscheinen können, aber wir sind es nicht. Fünf hast du gewonnen und ich hab dich selten so glücklich gesehen, bei der Hochzeit, weil ich das Jesse zu Liebe, und ich war schon einmal schon meinst du. Einmal schon bei der Hochzeit, wenn du nur da warst du bleiben. Aber sonst, wenn ich hätte dich jetzt auch bestätigt, oder? Ich hab es gesagt, es hat vielleicht sogar noch besser gekommen, wenn ich es gesagt habe. Nein, das hat mich doch nicht gehabt, wenn du das rauchst, aber von dem warst du noch mal irgendein glücklicher Altsnachstin zu dir. Ja, natürlich bei meiner Hochzeit. Und mal den drei geboten, deshalb habe ich vergessen, was ist überall da? Ja, weil ich immer da ja anders glücklich ist. Anders glücklich ist natürlich ein anderes, es ist ein viel elementare, das glücklich sein, weil das über den Fußball hinausgeht und auch noch lange danach. Aber es stimmt, also ich kann es Jesse fragen, ich bin seit vier Jahren umgelaufen, hab gesagt, ich will auch einmal die Champions League gewinnen irgendwann, weil ich auch ja für ja das Gefühl hatte, es wird schwieriger, Ronaldo Weg hier und da man Trainerwechsel, alle werden auch ein Jahr älter. Wir haben jetzt auch nicht so viel auf dem Transfermarkt gemacht, wir haben ja sagen geholt. Das hat sich bisher natürlich noch nicht so, dass ich mal noch nicht so ausgezahlt, wie ich sich alle inklusive eher gewünscht hätten. Und das heißt, die Wahrscheinlichkeit, die Champions League zu gewinnen, wurde nicht größer als die Jahre davor. Aber ich hab immer gesagt, den einen, den fünften, den hätte ich schon noch sehr gerne. Da wird ja auch viel untergeordnet. Und wenn ich es vor allem gesagt hätte, dass es nix wird, dann war es vor dieser. Weil wir wieder nicht viel gemacht haben, weil letztes Jahr im Sommer war ja schon ein großes Thema, ein paar Pee kommt, da kommt ja nicht, natürlich hätten wir gedacht, okay, wer keine Verschlechterung der Mannschaft würde, die Chancen so ein Champions League erhöhen, haben nicht viel gemacht. Im Nachhinein, was heißt nicht viel gemacht, sehr russ gegangen, David ist gekommen, wo ich Fußballerisch natürlich, ich hab lang mit David gespielt, überhaupt gar keine Zweifel hatte, dass das klappen kann. Aber Ramos ist halt auch noch nicht irgendwer gewesen. Das war einfach der Anführer des Ganzen und zwar die ganzen Jahre. Und das dann dazu nicht viel gemacht, kann man weniger im Nachhinein uns unfassbar geholfen, wusste man aber vorher vielleicht auch nicht genau so, kommt mit 18, schauen wir mal, ist jetzt keine garantiven Champions League, sieht gar nicht so. Aber wie sich das dann nach und nach zusammengeführt hat, gefügt hat mit Karl oder der Spitze, das ist halt dazu geführt und zu deiner Frage zurück, ja, es war definitiv auf jeden Fall einer der schönsten Momente, weil du auch natürlich in Zukunft weißt, nicht weißt, wie viel kommt noch dazu. Zweit, das war auch eine persönliche Geschichte, dass ich immer gesagt habe, dass die Champions League wenn alle drei Kindern am Stadion sind, das hat funktioniert. Von daher war das ein schöner Tag, was dazu kam, auch Felix war am Stadion. Von daher war es ein Top-Tag. Waren? Steffern? Vielen Dank. Er hat was gemacht. Ja auch, vielen Dank schön. Man kann auch nochmal über Fußball reden, ist auch wirklich so schön. Hab uns zu dem. Vielen Dank."
how did Real Madrid players try to convince Toni Kroos to not retire.😳💔.webm,"matroska,webm",0:00:42.948000,15.32 MB,vp9,1080x1920,opus," How did real Madrid players try to convince Tony Cruz not to retire? Danny Carvajal responded, and you can't miss how they tried to make him not retire. Cruz's retirement at only 34 years old did not shock only real Madrid fans, but also the players. This was very clear in their goodbye messages on social media, but did real Madrid players try to convince Cruz not to retire? Danny Carvajal said, We feel sad for Cruz leaving us, but we will try to enjoy him for the last time against real Bates, and also in the Champions League final against Dortmund. Carvajal continued and said that they knew Cruz was not going to continue and would retire, so they tried again and again to change his mind about retirement. He continued and said that Cruz shocked all of them and released his retirement statement without telling anybody."
＂Ronaldo Speaks on Toni Kroos Retiring Early – I Support Him!＂ #realmadrid #urcristiano #tonikroos.webm,"matroska,webm",0:00:38.168000,5.70 MB,vp9,1080x1920,opus," Tony Cruz, tell me a little bit about him you played him up. See it, Ramadjid was he like... Listen, it's the way he sees the football, the way he sees life. We don't know behind the football what's going on in his life. It's... we have to respect him, you know. Because the people see now more people, the longevity too. But we are not all the same, you understand? I respect his decisions because it's the kind of a guy say, I will do that and he do it. You understand, I respect, but if you ask me, he can play a few years more. Yes, but maybe you have other issues that you don't want to... It's full of football and you have to respect."
Jude Bellingham On Playing With The Legend Toni Kroos ｜ Jude Extras.webm,"matroska,webm",0:03:26.308000,108.29 MB,vp9,1920x1080,opus," It's a shame that I only got to play a year with Tony Cruz really. I think the impact that he had on me was a player. This was huge. I see him train every day. The techniques he used with the ball. He can always find me and then kind of spaces him behind or if it's the ball to fee. He's always willing to give you the ball just so you always feel involved. Because of how completely he's passing ranges. It's so intelligent as well. I think he's so unique as a footballer. I think he's the smartest player I've played with technically probably the best as well. Also, his mental approach to games as well, always so calm, always wants the ball, taking responsibilities and not afraid to make mistakes. I think he's for me the perfect pro. I think it's another thing that goes under the rain, how professionally he's spent so much time and effort, making sure his body's at top condition. He's training and he's working on his technique, working on his quality even though it's perfect. He continues to practice on his left foot and his right foot and then he comes in and then he does his gym work and then he's in the ice bath for as long as he needs to be. It almost gives you no excuse because if a player who's won five Champions League or World Cup, however many league titles still feels like they need to do all that then I definitely do. So perfect role model. Obviously there's things that he sees that no one can see and there's things that he does that no one can do. He's so unique in that sense. So to have the opportunity to have played with a player like that, you tell your kids about your tell all your mates and all your family members what he's like and they all want to know everything about him and stuff like that. So I'm really grateful to have spent that time with him. Not only on the pitch, but after pitch as well, I feel like even though we have everything to do, I would suggest that we should be so different and almost not get on. We ended up having a really good relationship as well where we could speak about a lot of different things. He was one of the ones that was in the first Bachelor players that I met early. So I got to know him pretty well straight away and obviously he played in Germany before so we have that in common. Speak about the Bundesliga and how he found certain players and teams in Germany and you just end up chatting like that and you ask about your family and how everything's going with that and if I'm settled here right. He's the kind of character that won't force anything so if you kind of get on naturally then you just get on naturally and you have conversation which is really nice. He appreciated my maturity in terms of the way we both see the game but also the kind of bits of joking and manner that we like to have with each other about various things. I respect him so much as a person and as a player and it's a shame that he didn't stay but I've seen a huge career and one he can be very proud of."
REACTIONS FROM TEAMMATES TO TONI KROOS' RETIREMENT ANNOUNCEMENT 😥 #football #realmadrid #ronaldo.webm,"matroska,webm",0:00:31.288000,20.44 MB,av1,1440x2560,opus," Despite being only 34 years old, Tony Cruise surprised not only football fans but also his fellow players by deciding to retire. For instance, when Jude Bellingham, Vinicius Jr., Marcelo, Rodrigo and Manuel Neuer saw Cruise's announcement they reacted with surprise. Cristiano Ronaldo's comment, which received 1 million likes, said, Thanks for everything, Tony. What an honor to share the pitch with you. All the best for the future, but perhaps the most legendary reaction came from Lucas Vazquez. Please share in the comments how you will remember this amazing player."
Toni Kroos' Last Interview As A Real Madrid Player 💔🥹 ｜ LiveScore.webm,"matroska,webm",0:01:31.908000,60.35 MB,vp9,1920x1080,opus," That is some way to finish a club career. Could be words, I guess. You obviously have got an explanation to what happened today. So please give it to me. It was a difficult game at the beginning. Yeah, of course. I mean, it's quite normal. It's a domestic final that you have moments where you suffer, but at the end, I think we were able to score first. It's true that Dortmund had more chances first half. They could have scored and that would have made it more difficult for us, but at the end, if it's a tie game, I mean, as long as it's like this, everything is possible and we were lucky enough to score first and the thing after we controlled pretty well. So in the decade you've been at Real Madrid, have you found out exactly why you win so much and in the big game? Yeah, it's of course. It's a mix of quality, it's a mentality, everything like this. And I think today's a good example that you don't stop believing that you're able to win, even maybe if you're not the better team. And the logic is, yeah, a full box goes with his header and is the short they try on the pitch when you're actually not the best team. It's how you go. It's how it goes. How'd you feel right now? Happy. Happy. I mean, I'm believable. It's my six-stempeless league. So that's crazy. I never believed that something like this could happen. Thank you, good luck."
