season,date,league_id,league,team1,team2,spi1,spi2,prob1,prob2,probtie,proj_score1,proj_score2,importance1,importance2,score1,score2,xg1,xg2,nsxg1,nsxg2,adj_score1,adj_score2
2016,21-08-16,1869,Spanish Primera Division,Real Sociedad,Real Madrid,72.76,92.61,0.1587,0.6621,0.1792,1.24,2.28,28.6,49.1,0,3,0.37,2.57,0.87,1.9,0,2.63
2016,27-08-16,1869,Spanish Primera Division,Real Madrid,Celta Vigo,93.19,71.87,0.8904,0.0284,0.0812,2.92,0.6,44.8,24.3,2,1,2.62,0.26,1.52,0.89,2.1,1.05
2016,10-09-16,1869,Spanish Primera Division,Real Madrid,Osasuna,92.9,56.39,0.9278,0.0132,0.059,3.02,0.36,47.6,34.4,5,2,4.09,1.05,3.11,1.19,5.25,2.1
2016,14-09-16,1818,UEFA Champions League,Real Madrid,Sporting CP,92.58,73.03,0.7595,0.0836,0.157,2.47,0.53,,,2,1,1.59,0.31,1.15,0.64,2.1,1.05
2016,18-09-16,1869,Spanish Primera Division,Espanyol,Real Madrid,68.63,92.46,0.1446,0.6889,0.1664,1.21,2.52,25.9,71.3,0,2,1.07,1.24,0.9,1.05,0,2.1
2016,21-09-16,1869,Spanish Primera Division,Real Madrid,Villarreal,92.6,78.21,0.7775,0.0744,0.1481,2.42,0.65,,,1,1,1.53,1.12,3.07,0.67,1.05,1.05
2016,24-09-16,1869,Spanish Primera Division,Las Palmas,Real Madrid,65.13,92.22,0.1296,0.7125,0.1579,1.19,2.71,21.2,64,2,2,1.15,3.21,0.62,1.84,2.1,2.1
2016,27-09-16,1818,UEFA Champions League,Borussia Dortmund,Real Madrid,89.43,91.95,0.4565,0.3137,0.2298,1.91,1.65,,,2,2,1.83,2.6,1.75,1.66,2.1,2.1
2016,02-10-16,1869,Spanish Primera Division,Real Madrid,Eibar,92.12,66.01,0.8899,0.0259,0.0843,2.84,0.42,55.1,18.9,1,1,2.19,0.37,2.99,0.81,1.05,1.05
2016,15-10-16,1869,Spanish Primera Division,Real Betis,Real Madrid,69.7,91.59,0.1585,0.6609,0.1806,1.22,2.32,16.7,46.4,1,6,1.08,4.09,1.19,3.17,1.05,6.09
2016,18-10-16,1818,UEFA Champions League,Real Madrid,Legia Warsaw,92.48,45.82,0.9117,0.0212,0.0671,3.38,0.2,,,5,1,3.39,1.5,3.66,0.81,4.89,1.05
2016,23-10-16,1869,Spanish Primera Division,Real Madrid,Athletic Bilbao,92.41,76.78,0.8162,0.0608,0.123,2.65,0.73,62.3,49.9,2,1,4.72,1.25,2.62,0.47,2.1,1.05
2016,29-10-16,1869,Spanish Primera Division,Alavés,Real Madrid,62.71,92.45,0.1161,0.73,0.1539,1.02,2.57,33.4,46,1,4,1.36,2.43,0.99,0.96,1.05,3.38
2016,02-11-16,1818,UEFA Champions League,Legia Warsaw,Real Madrid,46.45,92.43,0.048,0.855,0.097,0.67,2.86,,,3,3,0.53,2.53,0.96,3.59,3.15,3.15
2016,06-11-16,1869,Spanish Primera Division,Real Madrid,Leganes,92.06,63.78,0.9128,0.0205,0.0667,3.12,0.48,59.8,35.8,3,0,2.7,0.21,1.54,0.36,2.99,0
2016,19-11-16,1869,Spanish Primera Division,Atletico Madrid,Real Madrid,90.08,92.19,0.4219,0.3288,0.2492,1.67,1.36,42.8,67,0,3,1.31,2.31,1.66,1.17,0,2.97
2016,22-11-16,1818,UEFA Champions League,Sporting CP,Real Madrid,73.18,93.04,0.2211,0.5535,0.2254,1.07,1.84,,,1,2,1.2,0.86,1.01,1.27,1.05,2.1
2016,26-11-16,1869,Spanish Primera Division,Real Madrid,Sporting Gijón,93.07,56.94,0.9337,0.0125,0.0538,3.13,0.41,64.6,37.5,2,1,2.96,1.62,1.87,0.88,2.1,1.05
2016,03-12-16,1869,Spanish Primera Division,Barcelona,Real Madrid,95.76,92.43,0.6423,0.1803,0.1775,2.48,1.44,100,100,1,1,1.88,1.46,1.68,1.98,1.05,1.05
2016,07-12-16,1818,UEFA Champions League,Real Madrid,Borussia Dortmund,92.74,87.26,0.5882,0.2117,0.2002,2.46,1.39,,,2,2,3.61,2.05,1.78,1.45,2.1,2.1
2016,10-12-16,1869,Spanish Primera Division,Real Madrid,Deportivo La Coruña,92.61,68.34,0.9013,0.0256,0.0732,3.11,0.61,82.5,21.6,3,2,1.15,0.56,2.41,0.63,3.15,2.1
2016,07-01-17,1869,Spanish Primera Division,Real Madrid,Granada,92.07,51.19,0.9422,0.0104,0.0475,3.35,0.39,74.3,40.7,5,0,4.06,0.32,3.19,0.17,5.25,0
2016,15-01-17,1869,Spanish Primera Division,Sevilla FC,Real Madrid,85.01,92.62,0.2829,0.4998,0.2173,1.65,1.89,45,86.9,2,1,0.52,1.88,1.32,1.37,2.1,1.05
2016,21-01-17,1869,Spanish Primera Division,Real Madrid,Málaga,92.49,69.59,0.8953,0.0276,0.0771,3.05,0.63,90.6,8.9,2,1,1.89,0.42,1.49,0.48,2.1,1.05
2016,29-01-17,1869,Spanish Primera Division,Real Madrid,Real Sociedad,92.15,78.6,0.7756,0.0811,0.1433,2.55,0.79,81,59,3,0,1.27,0.25,1.07,0.83,2.84,0
2016,11-02-17,1869,Spanish Primera Division,Osasuna,Real Madrid,53.51,92.31,0.1129,0.7335,0.1535,1,2.7,31.9,89.5,1,3,0.75,2.39,0.77,1.8,1.05,2.63
2016,15-02-17,1818,UEFA Champions League,Real Madrid,Napoli,92.32,81.65,0.5668,0.2151,0.2181,2.38,1.02,,,3,1,1.64,0.84,2.94,0.85,3.15,1.05
2016,18-02-17,1869,Spanish Primera Division,Real Madrid,Espanyol,92.61,71.45,0.8564,0.0368,0.1068,2.61,0.47,83,8.8,2,0,1.15,0.07,2.45,0.11,1.76,0
2016,22-02-17,1869,Spanish Primera Division,Valencia,Real Madrid,71.45,92.7,0.152,0.6712,0.1768,1.23,2.37,,,2,1,0.76,1.48,0.51,2.34,2.1,1.05
2016,26-02-17,1869,Spanish Primera Division,Villarreal,Real Madrid,80.09,92.37,0.2477,0.5012,0.2511,1.15,1.55,38.9,88.8,2,3,0.75,3.96,1.55,3.3,2.1,3.15
2016,01-03-17,1869,Spanish Primera Division,Real Madrid,Las Palmas,92.83,67.35,0.9061,0.0205,0.0734,2.93,0.46,,,3,3,2.84,1.87,1.99,1.06,3.15,3.15
2016,04-03-17,1869,Spanish Primera Division,Eibar,Real Madrid,74.67,91.73,0.1905,0.6099,0.1995,1.28,2.07,8.1,77.7,1,4,1.71,2.62,1.15,1.53,1.05,4.2
2016,07-03-17,1818,UEFA Champions League,Napoli,Real Madrid,80.66,92.13,0.3891,0.3776,0.2333,1.57,1.99,,,1,3,0.92,1.99,0.81,2.02,1.05,2.63
2016,12-03-17,1869,Spanish Primera Division,Real Madrid,Real Betis,92.6,67.33,0.9061,0.0216,0.0723,2.96,0.49,84.4,5.6,2,1,1.19,0.52,2.12,0.9,2.1,1.05
2016,18-03-17,1869,Spanish Primera Division,Athletic Bilbao,Real Madrid,76.93,92.1,0.2104,0.5714,0.2182,1.22,1.85,15,100,1,2,1.91,1.93,2.69,1.47,1.05,2.1
2016,02-04-17,1869,Spanish Primera Division,Real Madrid,Alavés,91.86,69.85,0.8586,0.0378,0.1037,2.68,0.5,91.2,0.7,3,0,1.76,1.32,1.59,1.16,2.3,0
2016,05-04-17,1869,Spanish Primera Division,Leganes,Real Madrid,67.9,91.69,0.158,0.6419,0.2001,0.96,1.98,,,2,4,1.55,2.41,0.86,1.83,2.1,4.2
2016,08-04-17,1869,Spanish Primera Division,Real Madrid,Atletico Madrid,91.64,87.06,0.5725,0.2028,0.2247,1.94,1.08,100,6.1,1,1,1.43,0.85,1.31,0.68,1.05,1.05
2016,12-04-17,1818,UEFA Champions League,Bayern Munich,Real Madrid,95.56,91.37,0.6378,0.1664,0.1958,2.29,1.14,,,1,2,1.52,2.12,1.89,3.69,1.05,2.1
2016,15-04-17,1869,Spanish Primera Division,Sporting Gijón,Real Madrid,55.45,92.21,0.1162,0.7338,0.15,1.09,2.72,51.1,100,2,3,0.65,1.93,0.56,2.88,2.1,3.15
2016,18-04-17,1818,UEFA Champions League,Real Madrid,Bayern Munich,92.07,95.01,0.3719,0.391,0.2371,1.69,1.68,,,4,2,3.05,2.93,2.98,2.46,3.68,2.1
2016,23-04-17,1869,Spanish Primera Division,Real Madrid,Barcelona,92.62,94.88,0.3678,0.434,0.1982,2.21,2.12,100,100,2,3,3.71,2.76,2.19,2.73,2.1,3.15
2016,26-04-17,1869,Spanish Primera Division,Deportivo La Coruña,Real Madrid,68.18,92.49,0.135,0.6994,0.1656,1.12,2.39,,,2,6,1.47,5.02,1.22,3.25,2.1,5.69
2016,29-04-17,1869,Spanish Primera Division,Real Madrid,Valencia,92.95,72.38,0.9023,0.0294,0.0683,3.3,0.86,100,0,2,1,2.68,1.08,2.22,0.53,2.1,1.05
2016,02-05-17,1818,UEFA Champions League,Real Madrid,Atletico Madrid,92.69,88.46,0.5689,0.2072,0.2239,1.95,1.11,,,3,0,2.66,0.19,1.64,0.53,2.68,0
2016,06-05-17,1869,Spanish Primera Division,Granada,Real Madrid,44.65,93.19,0.08,0.8029,0.117,0.89,3.29,0,100,0,4,0.91,3.72,1.09,2.05,0,4.2
2016,10-05-17,1818,UEFA Champions League,Atletico Madrid,Real Madrid,87.64,93.49,0.3307,0.4198,0.2495,1.47,1.5,,,2,1,1.72,2.07,1.17,2.14,2.1,1.05
2016,14-05-17,1869,Spanish Primera Division,Real Madrid,Sevilla FC,93.42,79.47,0.8281,0.0619,0.1099,2.89,0.93,100,4.9,4,1,1.88,1.11,1.71,0.73,3.66,1.05
2016,17-05-17,1869,Spanish Primera Division,Celta Vigo,Real Madrid,67.87,93.44,0.1161,0.7433,0.1406,1.25,2.82,,,1,4,1.1,3.57,2.21,2.6,1.05,3.74
2016,21-05-17,1869,Spanish Primera Division,Málaga,Real Madrid,73.56,93.56,0.1447,0.6887,0.1665,1.25,2.38,0,100,0,2,1.31,2.65,1.54,1.79,0,2.1
2016,03-06-17,1818,UEFA Champions League,Juventus,Real Madrid,85.87,93.76,0.4425,0.5575,0,1.24,1.83,,,1,4,0.43,2.08,1.19,1.87,1.05,3.68
2017,20-08-17,1869,Spanish Primera Division,Deportivo La Coruña,Real Madrid,66.05,93.23,0.1365,0.6928,0.1708,1.07,2.57,26.3,64.7,0,3,1.54,2.35,1.11,2.49,0,3.15
2017,27-08-17,1869,Spanish Primera Division,Real Madrid,Valencia,93.51,71.1,0.8517,0.0462,0.102,3.11,0.64,74.7,45.7,2,2,3.91,0.84,2.73,0.99,2.1,2.1
2017,09-09-17,1869,Spanish Primera Division,Real Madrid,Levante,93.03,58.59,0.9199,0.0168,0.0633,3.4,0.35,67.8,37.7,1,1,3.01,0.75,2.88,0.42,1.05,0.84
2017,13-09-17,1818,UEFA Champions League,Real Madrid,Apoel Nicosia,92.47,53.83,0.9267,0.0032,0.0701,2.78,0.2,,,3,0,4.51,0.19,2.53,0.26,3.15,0
2017,17-09-17,1869,Spanish Primera Division,Real Sociedad,Real Madrid,77.89,92.73,0.2417,0.5572,0.2011,1.51,2.33,63.5,58.5,1,3,0.56,2.54,1.08,1.47,1.05,3.15
2017,20-09-17,1869,Spanish Primera Division,Real Madrid,Real Betis,93.07,67.25,0.8715,0.0364,0.0921,3.16,0.55,,,0,1,3.59,0.98,4.17,0.42,0,1.05
2017,23-09-17,1869,Spanish Primera Division,Alavés,Real Madrid,64.9,92.62,0.1395,0.6779,0.1827,0.99,2.38,40.6,49.5,1,2,0.69,3.2,0.38,2.72,1.05,2.1
2017,26-09-17,1818,UEFA Champions League,Borussia Dortmund,Real Madrid,89.81,92.8,0.4263,0.3522,0.2215,1.95,1.76,,,1,3,1.22,3.4,1.58,1.8,1.05,2.93
2017,01-10-17,1869,Spanish Primera Division,Real Madrid,Espanyol,93.31,68.11,0.8683,0.035,0.0966,3.01,0.49,39.8,22.2,2,0,3.44,0.36,2.99,0.28,2.09,0
2017,14-10-17,1869,Spanish Primera Division,Getafe,Real Madrid,65.45,93.48,0.1293,0.7025,0.1682,1.03,2.58,19.9,54,1,2,0.88,2.33,0.7,1.46,1.05,2.1
2017,17-10-17,1818,UEFA Champions League,Real Madrid,Tottenham Hotspur,93.39,83.22,0.6679,0.1395,0.1926,2.24,0.92,40.1,40.1,1,1,3.41,0.95,2.36,1.1,1.05,1.05
2017,22-10-17,1869,Spanish Primera Division,Real Madrid,Eibar,93.27,65.45,0.8846,0.0272,0.0882,3.03,0.41,48.7,24.5,3,0,1.63,0.41,1.94,0.72,2.85,0
2017,29-10-17,1869,Spanish Primera Division,Girona FC,Real Madrid,61.44,93.24,0.1101,0.7334,0.1565,0.96,2.68,34.7,63,2,1,2.14,2.01,0.89,2.9,2.1,1.05
2017,01-11-17,1818,UEFA Champions League,Tottenham Hotspur,Real Madrid,84.34,92.44,0.3496,0.4061,0.2443,1.49,1.62,52.2,52.2,3,1,2.28,2.86,1.24,1.84,3.15,1.05
2017,05-11-17,1869,Spanish Primera Division,Real Madrid,Las Palmas,92.14,57.6,0.9154,0.0219,0.0626,3.66,0.51,43.9,51.1,3,0,2.76,0.11,2.25,1,3.06,0
2017,18-11-17,1869,Spanish Primera Division,Atletico Madrid,Real Madrid,81.72,92.15,0.3057,0.4423,0.252,1.28,1.59,67,40.9,0,0,0.72,1.5,0.39,1.98,0,0
2017,21-11-17,1818,UEFA Champions League,Apoel Nicosia,Real Madrid,53.98,92.41,0.0851,0.7304,0.1845,0.56,2.11,18.9,18.9,0,6,0.41,3.79,0.67,2.47,0,6.3
2017,25-11-17,1869,Spanish Primera Division,Real Madrid,Málaga,93.49,62.81,0.9038,0.0224,0.0739,3.28,0.41,43.9,37.9,3,2,3.35,0.64,1.83,0.79,3.15,2.1
2017,02-12-17,1869,Spanish Primera Division,Athletic Bilbao,Real Madrid,71.44,92.86,0.181,0.6278,0.1913,1.22,2.39,13.5,39.6,0,0,1.18,1.57,1.29,2.57,0,0
2017,06-12-17,1818,UEFA Champions League,Real Madrid,Borussia Dortmund,92.78,82.51,0.7247,0.123,0.1523,2.88,1.15,5.5,5.5,3,2,3.02,2.21,3.19,1.49,3.15,2.1
2017,09-12-17,1869,Spanish Primera Division,Real Madrid,Sevilla FC,92.64,75.63,0.7963,0.0737,0.13,2.87,0.79,40.6,66.6,5,0,3.77,0.42,2.67,1.01,5.25,0
2017,23-12-17,1869,Spanish Primera Division,Real Madrid,Barcelona,93.33,94.4,0.4495,0.3291,0.2214,1.97,1.67,85.5,89.5,0,3,1.51,4.11,1.84,2.14,0,2.31
2017,07-01-18,1869,Spanish Primera Division,Celta Vigo,Real Madrid,71.11,92.43,0.1831,0.6345,0.1824,1.34,2.56,11.2,13.9,2,2,2.14,2.38,1.62,2.14,2.1,2.1
2017,13-01-18,1869,Spanish Primera Division,Real Madrid,Villarreal,91.97,70.7,0.8273,0.055,0.1177,2.89,0.64,16.3,38,0,1,2.66,1.02,3.54,0.93,0,1.05
2017,21-01-18,1869,Spanish Primera Division,Real Madrid,Deportivo La Coruña,91.39,63.47,0.8724,0.0364,0.0913,3.18,0.55,29.1,39.3,7,1,3.43,1.89,3.59,0.62,6.33,1.05
2017,27-01-18,1869,Spanish Primera Division,Valencia,Real Madrid,74.93,91.7,0.2317,0.5677,0.2006,1.45,2.33,70.8,18.8,1,4,1.24,3.01,2.07,1.26,1.05,3.37
2017,03-02-18,1869,Spanish Primera Division,Levante,Real Madrid,58.38,91.96,0.1087,0.7369,0.1543,0.97,2.71,44.9,9.3,2,2,1.43,1.58,0.82,2.61,2.1,2.1
2017,10-02-18,1869,Spanish Primera Division,Real Madrid,Real Sociedad,91.31,76.45,0.7654,0.0992,0.1354,3.05,1.07,14.6,12.9,5,2,5.19,0.98,3.77,1,4.99,2.1
2017,14-02-18,1818,UEFA Champions League,Real Madrid,Paris Saint-Germain,91.73,92.09,0.4421,0.3378,0.2202,1.99,1.73,100,100,3,1,2.61,1.2,1.3,1.45,2.73,1.05
2017,18-02-18,1869,Spanish Primera Division,Real Betis,Real Madrid,64.16,92.05,0.1372,0.7091,0.1537,1.29,2.95,6.4,7.3,3,5,2.51,1.72,1.54,1.45,3.15,4.73
2017,21-02-18,1869,Spanish Primera Division,Leganes,Real Madrid,66.17,91.4,0.1647,0.6416,0.1937,1.08,2.29,2.7,5.4,1,3,1.05,2.09,1.13,2.07,1.05,2.63
2017,24-02-18,1869,Spanish Primera Division,Real Madrid,Alavés,91.47,66.23,0.8547,0.043,0.1024,3.04,0.58,6,5.6,4,0,3.63,0.58,3.18,0.92,3.71,0
2017,27-02-18,1869,Spanish Primera Division,Espanyol,Real Madrid,65.75,91.89,0.1544,0.6604,0.1853,1.08,2.4,5.1,2,1,0,0.95,1.54,1.29,1.36,1.05,0
2017,03-03-18,1869,Spanish Primera Division,Real Madrid,Getafe,91.32,73.46,0.789,0.069,0.142,2.58,0.63,3.5,6.5,3,1,2.21,0.89,3.6,0.37,2.78,1.05
2017,06-03-18,1818,UEFA Champions League,Paris Saint-Germain,Real Madrid,91.4,91.43,0.5285,0.2636,0.208,2.24,1.56,100,100,1,2,1.27,2.37,1.42,2.11,1.05,1.89
2017,10-03-18,1869,Spanish Primera Division,Eibar,Real Madrid,74,91.93,0.2218,0.5685,0.2098,1.29,2.16,6.2,2.1,1,2,1.42,2.14,1.24,1.65,1.05,2.1
2017,18-03-18,1869,Spanish Primera Division,Real Madrid,Girona FC,91.93,72.46,0.8113,0.0647,0.1239,2.89,0.72,1.7,7.8,6,3,3.9,1.79,2.56,1.02,5.37,3.15
2017,31-03-18,1869,Spanish Primera Division,Las Palmas,Real Madrid,55.67,91.71,0.0937,0.7806,0.1258,1.13,3.25,42.2,0.3,0,3,0.81,3.7,0.96,1.19,0,3.15
2017,03-04-18,1818,UEFA Champions League,Juventus,Real Madrid,88.29,92.02,0.4526,0.3042,0.2432,1.7,1.36,100,100,0,3,1.55,3.25,1.84,2.49,0,2.91
2017,08-04-18,1869,Spanish Primera Division,Real Madrid,Atletico Madrid,92.95,86.36,0.6154,0.1847,0.2,2.25,1.16,0.8,2.5,1,1,2.8,1.28,3.9,1.04,1.05,1.05
2017,11-04-18,1818,UEFA Champions League,Real Madrid,Juventus,92.95,86.49,0.5811,0.2043,0.2146,2.08,1.16,100,100,1,3,3.8,2.67,2.34,1.3,0.84,3.15
2017,15-04-18,1869,Spanish Primera Division,Málaga,Real Madrid,62.09,92.5,0.122,0.7136,0.1644,1,2.61,4.5,0.4,1,2,1.06,2.19,1.04,2.66,1.05,2.1
2017,18-04-18,1869,Spanish Primera Division,Real Madrid,Athletic Bilbao,92.37,70.43,0.8377,0.0559,0.1064,3.19,0.76,0.1,0,1,1,1.9,0.85,3.07,0.75,1.05,1.05
2017,25-04-18,1818,UEFA Champions League,Bayern Munich,Real Madrid,93.85,91.92,0.5636,0.2411,0.1953,2.46,1.59,100,100,1,2,2.74,0.74,2.52,1.03,1.05,2.1
2017,28-04-18,1869,Spanish Primera Division,Real Madrid,Leganes,92.04,66.19,0.8622,0.0356,0.1023,2.89,0.46,0,0.1,2,1,2.05,1.99,1.05,1.8,2.1,1.05
2017,01-05-18,1818,UEFA Champions League,Real Madrid,Bayern Munich,91.06,93.33,0.4125,0.3774,0.2101,2.1,2.01,100,100,2,2,2.1,4.17,1.33,3.27,2.1,2.1
2017,06-05-18,1869,Spanish Primera Division,Barcelona,Real Madrid,91.03,90.72,0.5042,0.3025,0.1933,2.53,1.97,0,0,2,2,1.78,1.87,1.5,1.97,2.1,1.89
2017,09-05-18,1869,Spanish Primera Division,Sevilla FC,Real Madrid,73.21,90.95,0.2269,0.5845,0.1886,1.58,2.56,0,0,3,2,2.51,2.51,1.42,1.26,2.8,2.1
2017,12-05-18,1869,Spanish Primera Division,Real Madrid,Celta Vigo,90.29,69.02,0.8186,0.0703,0.111,3.33,0.96,0,0,6,0,2.06,0.23,2.04,0.99,5.94,0
2017,19-05-18,1869,Spanish Primera Division,Villarreal,Real Madrid,71.8,90.97,0.2128,0.6041,0.1831,1.56,2.64,0,0,2,2,1.1,1.27,1.03,1.14,2.1,2.1
2017,26-05-18,1818,UEFA Champions League,Real Madrid,Liverpool,90.62,88.14,0.5258,0.4742,0,2.03,1.92,100,100,3,1,2.14,1.83,1.1,1.16,2.82,1.05
2018,19-08-18,1869,Spanish Primera Division,Real Madrid,Getafe,91.33,75.66,0.8071,0.0593,0.1336,2.61,0.57,61.3,31.3,2,0,1.29,0.28,1.3,0.3,2.1,0
2018,26-08-18,1869,Spanish Primera Division,Girona FC,Real Madrid,73.03,91.44,0.1806,0.6233,0.1961,1.15,2.27,26.2,64.3,1,4,0.55,4.91,1.02,2.34,1.05,3.95
2018,01-09-18,1869,Spanish Primera Division,Real Madrid,Leganes,92.18,71.52,0.8572,0.04,0.1028,2.94,0.52,73.2,28.7,4,1,2.6,1.05,3.4,0.65,4.2,1.05
2018,15-09-18,1869,Spanish Primera Division,Athletic Bilbao,Real Madrid,74.73,92.2,0.1886,0.6177,0.1937,1.23,2.34,34.6,62.7,1,1,1.23,2.11,0.57,1.79,1.05,1.05
2018,19-09-18,1818,UEFA Champions League,Real Madrid,AS Roma,92.24,78.16,0.7052,0.1233,0.1714,2.41,0.91,46.1,63.7,3,0,3.58,0.57,3.8,1.06,2.63,0
2018,22-09-18,1869,Spanish Primera Division,Real Madrid,Espanyol,92.64,75.31,0.8302,0.0499,0.1199,2.74,0.54,65.6,32.8,1,0,1.16,0.47,2.58,0.86,1.05,0
2018,26-09-18,1869,Spanish Primera Division,Sevilla FC,Real Madrid,79.98,92.54,0.2508,0.5467,0.2025,1.52,2.29,55.4,74,3,0,2.57,2.06,1.15,2.07,3.15,0
2018,29-09-18,1869,Spanish Primera Division,Real Madrid,Atletico Madrid,91.85,86.99,0.6198,0.1723,0.2079,2.08,1,78.6,58,0,0,1.45,0.71,2.14,0.57,0,0
2018,02-10-18,1818,UEFA Champions League,CSKA Moscow,Real Madrid,74.21,91.9,0.2431,0.506,0.2509,1.02,1.59,64.6,30.2,1,0,0.5,2,0.85,2.29,1.05,0
2018,06-10-18,1869,Spanish Primera Division,Alavés,Real Madrid,70.76,91.89,0.1453,0.6673,0.1875,0.98,2.3,22.1,81.5,1,0,0.91,0.96,0.55,2.18,1.05,0
2018,20-10-18,1869,Spanish Primera Division,Real Madrid,Levante,91.75,67.02,0.864,0.0412,0.0948,3.17,0.61,66.6,32.7,1,2,3.35,1.56,5.42,0.78,1.05,2.1
2018,23-10-18,1818,UEFA Champions League,Real Madrid,Viktoria Plzen,91.28,61.05,0.8568,0.0362,0.107,2.74,0.42,52.7,32.2,2,1,2.95,1.52,4.14,0.57,2.1,1.05
2018,28-10-18,1869,Spanish Primera Division,Barcelona,Real Madrid,91.87,91.16,0.5017,0.2933,0.205,2.25,1.71,100,100,5,1,3.24,2.2,2,1.99,4.39,1.05
2018,03-11-18,1869,Spanish Primera Division,Real Madrid,Real Valladolid,90.73,69.03,0.8475,0.041,0.1116,2.77,0.47,50.3,23.6,2,0,1.84,0.97,2.31,0.83,1.64,0
2018,07-11-18,1818,UEFA Champions League,Viktoria Plzen,Real Madrid,61.38,90.51,0.148,0.6659,0.1861,0.98,2.28,15.8,28.8,0,5,0.45,1.69,1.16,2.55,0,5.25
2018,11-11-18,1869,Spanish Primera Division,Celta Vigo,Real Madrid,71.86,91.06,0.1861,0.6298,0.1841,1.32,2.5,22.2,60.4,2,4,1.05,2.37,0.96,1.61,2.1,3.25
2018,24-11-18,1869,Spanish Primera Division,Eibar,Real Madrid,76.54,91.07,0.2103,0.5705,0.2192,1.13,1.99,22.4,63.8,3,0,3.58,0.94,1.09,1.26,3.15,0
2018,27-11-18,1818,UEFA Champions League,AS Roma,Real Madrid,79.28,89.47,0.3245,0.4514,0.2241,1.55,1.85,81.9,81.9,0,2,2.27,1.87,1.56,2.35,0,2.1
2018,01-12-18,1869,Spanish Primera Division,Real Madrid,Valencia,89.69,81.69,0.6454,0.1536,0.201,2.13,0.93,54,50.2,2,0,0.92,1.1,2.06,0.83,1.77,0
2018,09-12-18,1869,Spanish Primera Division,SD Huesca,Real Madrid,67.46,89.69,0.1793,0.6269,0.1938,1.16,2.31,41,50.6,0,1,1.08,0.5,1.67,0.45,0,1.05
2018,12-12-18,1818,UEFA Champions League,Real Madrid,CSKA Moscow,89.35,71.05,0.7187,0.0851,0.1962,1.92,0.49,3.8,34.5,0,3,1.28,1.2,1.95,1.22,0,3.08
2018,15-12-18,1869,Spanish Primera Division,Real Madrid,Rayo Vallecano,87.99,66.07,0.8169,0.0601,0.123,2.82,0.66,55.7,43.1,1,0,1.08,0.79,1.44,0.85,1.05,0
2018,03-01-19,1869,Spanish Primera Division,Villarreal,Real Madrid,71.1,87.64,0.255,0.5301,0.215,1.4,2.08,40.6,39.9,2,2,1.05,1.33,1.89,1.03,2.1,2.1
2018,06-01-19,1869,Spanish Primera Division,Real Madrid,Real Sociedad,87.14,77.43,0.6685,0.1373,0.1942,2.17,0.87,51.1,20.1,0,2,2.67,2.33,3.29,0.92,0,1.64
2018,13-01-19,1869,Spanish Primera Division,Real Betis,Real Madrid,75.58,86.44,0.2816,0.4777,0.2407,1.27,1.72,35.4,63.2,1,2,0.72,0.71,1.22,0.79,1.05,2.1
2018,19-01-19,1869,Spanish Primera Division,Real Madrid,Sevilla FC,86.52,82.47,0.542,0.2428,0.2152,2.07,1.33,54.8,68.7,2,0,1.52,0.46,2.68,0.57,1.58,0
2018,27-01-19,1869,Spanish Primera Division,Espanyol,Real Madrid,71.99,87.16,0.2508,0.5211,0.2281,1.25,1.89,19.6,39.8,2,4,1.24,2.42,1.03,3.07,1.89,4.2
2018,03-02-19,1869,Spanish Primera Division,Real Madrid,Alavés,87.68,71.57,0.7635,0.0788,0.1576,2.39,0.63,35.4,29.3,3,0,2.62,0.85,3.53,0.66,2.38,0
2018,09-02-19,1869,Spanish Primera Division,Atletico Madrid,Real Madrid,86.95,88.16,0.4127,0.3293,0.2581,1.47,1.29,31.7,43.4,1,3,0.97,1.77,1.02,1.33,1.05,3.05
2018,13-02-19,1818,UEFA Champions League,Ajax,Real Madrid,82.7,88.97,0.3878,0.4057,0.2065,1.99,2.04,60.4,100,1,2,1.99,1.27,2.16,1.06,1.05,2.1
2018,17-02-19,1869,Spanish Primera Division,Real Madrid,Girona FC,88.87,67.79,0.8085,0.0615,0.13,2.7,0.62,46.5,41,1,2,1.94,3.25,1.95,1.16,1.05,2.1
2018,24-02-19,1869,Spanish Primera Division,Levante,Real Madrid,64.5,87.12,0.2073,0.6008,0.1919,1.38,2.41,21.2,19,1,2,1.32,2.64,0.8,1.61,1.05,2.1
2018,02-03-19,1869,Spanish Primera Division,Real Madrid,Barcelona,87.3,91.8,0.3788,0.4064,0.2148,1.89,1.96,35.6,47.7,0,1,0.99,1.73,1.94,2,0,1.05
2018,05-03-19,1818,UEFA Champions League,Real Madrid,Ajax,86.99,84.44,0.4909,0.3081,0.201,2.26,1.78,100,100,1,4,2.36,1.96,2.74,1.51,1.05,4.2
2018,10-03-19,1869,Spanish Primera Division,Real Valladolid,Real Madrid,65.09,86.59,0.2319,0.5389,0.2292,1.15,1.87,59.9,18.1,1,4,2.02,2.66,1.19,1.8,1.05,3.81
2018,16-03-19,1869,Spanish Primera Division,Real Madrid,Celta Vigo,86.56,65.84,0.7579,0.0935,0.1486,2.67,0.84,13.1,59,2,0,3.29,0.42,3.22,0.18,1.93,0
2018,31-03-19,1869,Spanish Primera Division,Real Madrid,SD Huesca,87.26,69.17,0.7411,0.0992,0.1598,2.5,0.81,6.7,47.2,3,2,4.35,1.37,3.81,1.59,3.15,2.1
2018,03-04-19,1869,Spanish Primera Division,Valencia,Real Madrid,82.32,86.99,0.4385,0.3188,0.2428,1.66,1.38,73.9,2,2,1,1.77,0.95,1.54,2.09,1.77,1.05
2018,06-04-19,1869,Spanish Primera Division,Real Madrid,Eibar,86.77,79.43,0.6094,0.1895,0.201,2.22,1.16,3.2,2.8,2,1,1.61,0.66,2.3,0.91,2.1,1.05
2018,15-04-19,1869,Spanish Primera Division,Leganes,Real Madrid,77.2,86.9,0.3043,0.4418,0.2538,1.24,1.55,1.3,1,1,1,0.57,1.2,0.68,0.87,1.05,1.05
2018,21-04-19,1869,Spanish Primera Division,Real Madrid,Athletic Bilbao,87.11,78.02,0.6261,0.1626,0.2113,2.02,0.92,1.6,16.9,3,0,2.3,0.63,2.51,1.07,2.48,0
2018,25-04-19,1869,Spanish Primera Division,Getafe,Real Madrid,79.93,87.6,0.4164,0.3278,0.2557,1.5,1.3,100,0.1,0,0,0.55,1.6,1.22,1.31,0,0
2018,28-04-19,1869,Spanish Primera Division,Rayo Vallecano,Real Madrid,64.31,88,0.201,0.5933,0.2058,1.19,2.17,17.6,0,1,0,1.33,0.58,0.73,0.96,1.05,0
2018,05-05-19,1869,Spanish Primera Division,Real Madrid,Villarreal,87.46,74.43,0.6672,0.1447,0.1881,2.29,0.97,0,5.1,3,2,2.6,0.8,1.93,0.98,3.15,2.1
2018,12-05-19,1869,Spanish Primera Division,Real Sociedad,Real Madrid,75.43,87.28,0.3367,0.4181,0.2453,1.41,1.6,0,0,3,1,2.7,1.05,1.86,1,2.73,1.05
2018,19-05-19,1869,Spanish Primera Division,Real Madrid,Real Betis,85.91,72.45,0.529,0.2451,0.2259,1.92,1.24,0,0,0,2,0.94,1.61,1.18,0.92,0,1.98
2019,17-08-19,1869,Spanish Primera Division,Celta Vigo,Real Madrid,67.73,85.18,0.2333,0.5457,0.2211,1.28,2.05,24.9,55.7,1,3,1.63,1.79,1.38,2.33,0.84,2.9
2019,24-08-19,1869,Spanish Primera Division,Real Madrid,Real Valladolid,85.4,65.21,0.7907,0.0624,0.1469,2.47,0.55,57.4,29,1,1,2.3,1.21,3.89,0.33,1.05,1.05
2019,01-09-19,1869,Spanish Primera Division,Villarreal,Real Madrid,70.22,85.27,0.2602,0.5171,0.2226,1.4,2.03,27.7,53.3,2,2,1.94,2.11,0.58,2.48,2.1,2.1
2019,14-09-19,1869,Spanish Primera Division,Real Madrid,Levante,85.31,65.58,0.786,0.0751,0.1389,2.74,0.75,63.2,21.9,3,2,3.19,1.95,3.77,1.19,3.15,2.1
2019,18-09-19,1818,UEFA Champions League,Paris Saint-Germain,Real Madrid,88.65,84.88,0.5635,0.225,0.2115,2.03,1.22,39.2,42.8,3,0,1.9,0.78,2.14,1.51,2.63,0
2019,22-09-19,1869,Spanish Primera Division,Sevilla FC,Real Madrid,79.47,84.52,0.379,0.375,0.2461,1.57,1.56,62.6,68.3,0,1,0.47,1.45,0.95,1.76,0,1.05
2019,25-09-19,1869,Spanish Primera Division,Real Madrid,Osasuna,85.4,68.99,0.7286,0.0946,0.1769,2.27,0.68,65.6,24.1,2,0,1.81,0.16,0.72,0.72,2.05,0
2019,28-09-19,1869,Spanish Primera Division,Atletico Madrid,Real Madrid,83.92,85.55,0.4176,0.3264,0.256,1.55,1.34,65,78.1,0,0,0.79,0.38,1.03,0.65,0,0
2019,01-10-19,1818,UEFA Champions League,Real Madrid,Club Brugge,85.76,70.62,0.7005,0.109,0.1905,2.05,0.66,94.6,83.5,2,2,2.28,1.45,4.73,1.09,1.89,2.1
2019,05-10-19,1869,Spanish Primera Division,Real Madrid,Granada,85.83,69.13,0.7125,0.1021,0.1854,2.2,0.69,58.6,38.6,4,2,3,1.6,1.35,0.88,3.68,2.1
2019,19-10-19,1869,Spanish Primera Division,Mallorca,Real Madrid,62.37,85.25,0.1937,0.587,0.2194,1.08,2.03,44.8,54.5,1,0,0.2,0.58,0.75,2.2,1.05,0
2019,22-10-19,1818,UEFA Champions League,Galatasaray,Real Madrid,64.09,85.22,0.2216,0.5448,0.2336,1.03,1.75,60.6,82,0,1,0.97,2.24,1.61,2.78,0,1.05
2019,30-10-19,1869,Spanish Primera Division,Real Madrid,Leganes,85.53,68.09,0.7181,0.0915,0.1903,2.09,0.59,56.3,42.9,5,0,4.6,0.21,3.5,0.89,4.73,0
2019,02-11-19,1869,Spanish Primera Division,Real Madrid,Real Betis,86.94,67.46,0.797,0.0664,0.1367,2.69,0.66,71.6,25.7,0,0,2.85,0.52,2.47,0.41,0,0
2019,06-11-19,1818,UEFA Champions League,Real Madrid,Galatasaray,87.12,63.35,0.8065,0.0494,0.1441,2.29,0.4,86.2,55.1,6,0,3.51,0.65,2.73,0.47,5.5,0
2019,09-11-19,1869,Spanish Primera Division,Eibar,Real Madrid,72.23,88.02,0.2119,0.5585,0.2297,1.1,1.92,21.6,72.5,0,4,0.96,2.72,1.17,2.13,0,4.2
2019,23-11-19,1869,Spanish Primera Division,Real Madrid,Real Sociedad,88.98,76.14,0.687,0.1253,0.1877,2.27,0.86,82.7,64.1,3,1,1.74,1.83,3.02,0.79,3.06,1.05
2019,26-11-19,1818,UEFA Champions League,Real Madrid,Paris Saint-Germain,88.88,89.49,0.4681,0.3055,0.2265,1.81,1.43,4.2,5,2,2,4.14,2.83,2.52,1,1.87,2.1
2019,30-11-19,1869,Spanish Primera Division,Alavés,Real Madrid,66.86,89.14,0.1583,0.6446,0.1971,1.03,2.26,26.3,72.2,1,2,1.17,2.39,1.21,1.59,1.05,2.1
2019,07-12-19,1869,Spanish Primera Division,Real Madrid,Espanyol,89.06,68.29,0.8025,0.0645,0.1329,2.74,0.66,59.2,47.5,2,0,2.37,0.3,1.91,0.73,1.87,0
2019,11-12-19,1818,UEFA Champions League,Club Brugge,Real Madrid,71.63,89.22,0.2532,0.5062,0.2407,1.11,1.67,2.4,4.2,1,3,1.08,1.39,1.24,1.72,1.05,2.63
2019,15-12-19,1869,Spanish Primera Division,Valencia,Real Madrid,72.85,89.34,0.2175,0.5775,0.205,1.35,2.28,40.1,79.2,1,1,2.2,1.9,0.93,2.4,1.05,1.05
2019,18-12-19,1869,Spanish Primera Division,Barcelona,Real Madrid,88.97,89.2,0.4722,0.3114,0.2165,2.11,1.7,100,100,0,0,0.97,1.01,2.13,1.8,0,0
2019,22-12-19,1869,Spanish Primera Division,Real Madrid,Athletic Bilbao,89.45,74.05,0.7549,0.073,0.1721,2.21,0.53,83.4,29.1,0,0,2.59,0.42,3.49,0.42,0,0
2019,04-01-20,1869,Spanish Primera Division,Getafe,Real Madrid,79.09,89.75,0.257,0.4726,0.2704,1.02,1.48,49.5,77.3,0,3,1.5,2.18,1.24,1.01,0,2.63
2019,18-01-20,1869,Spanish Primera Division,Real Madrid,Sevilla FC,90.13,80.49,0.6562,0.1387,0.2052,2.09,0.84,88,66.2,2,1,0.92,0.47,1.3,0.82,2.1,1.05
2019,26-01-20,1869,Spanish Primera Division,Real Valladolid,Real Madrid,61.19,89.94,0.1152,0.6981,0.1868,0.79,2.24,40.7,84.2,0,1,0.24,0.55,0.41,1.42,0,1.05
2019,01-02-20,1869,Spanish Primera Division,Real Madrid,Atletico Madrid,90.22,85.5,0.5762,0.1788,0.245,1.72,0.84,87.3,74.2,1,0,1.38,0.44,1.11,0.08,1.05,0
2019,09-02-20,1869,Spanish Primera Division,Osasuna,Real Madrid,71.2,90.5,0.1677,0.6155,0.2169,0.94,2.01,5.5,73.3,1,4,0.73,2.92,0.84,1.95,1.05,3.31
2019,16-02-20,1869,Spanish Primera Division,Real Madrid,Celta Vigo,90.98,69.15,0.8255,0.0446,0.13,2.55,0.44,76.6,48.9,2,2,2.24,1.1,3.27,0.81,2.1,2.1
2019,22-02-20,1869,Spanish Primera Division,Levante,Real Madrid,62.88,90.37,0.1172,0.7166,0.1662,0.96,2.58,15.6,93.3,1,0,0.7,2.12,1.01,2.56,1.05,0
2019,26-02-20,1818,UEFA Champions League,Real Madrid,Manchester City,90.26,94.85,0.3743,0.387,0.2387,1.51,1.54,100,100,1,2,1.44,3.21,1.13,1.37,1.05,2.1
2019,01-03-20,1869,Spanish Primera Division,Real Madrid,Barcelona,89.82,90.25,0.4557,0.3128,0.2315,1.87,1.53,100,100,2,0,1.01,1.6,2.99,1.96,1.58,0
2019,08-03-20,1869,Spanish Primera Division,Real Betis,Real Madrid,72.5,90,0.1746,0.6122,0.2131,1.01,2.08,8.1,96.7,2,1,1.42,1.64,1.2,1.63,2.1,1.05
2019,14-06-20,1869,Spanish Primera Division,Real Madrid,Eibar,89.49,68.56,0.8216,0.0421,0.1363,2.42,0.38,90,38.2,3,1,1.02,0.57,0.85,0.56,3.15,1.05
2019,18-06-20,1869,Spanish Primera Division,Real Madrid,Valencia,89.11,68.86,0.8074,0.0598,0.1328,2.68,0.6,84.5,26.3,3,0,2.26,0.19,3.89,0.12,2.64,0
2019,21-06-20,1869,Spanish Primera Division,Real Sociedad,Real Madrid,75.02,89.89,0.2209,0.5453,0.2338,1.11,1.87,59.4,100,1,2,0.48,1.31,1.28,0.74,1.05,2.1
2019,24-06-20,1869,Spanish Primera Division,Real Madrid,Mallorca,89.93,60.4,0.8438,0.0393,0.1169,2.7,0.44,100,50.6,2,0,1.3,0.56,1.21,1.14,2.1,0
2019,28-06-20,1869,Spanish Primera Division,Espanyol,Real Madrid,68.18,89.66,0.1172,0.6855,0.1973,0.74,2.11,28.4,100,0,1,1.12,2.39,0.87,1.16,0,1.05
2019,02-07-20,1869,Spanish Primera Division,Real Madrid,Getafe,89.69,79.07,0.6125,0.1386,0.249,1.65,0.63,100,60.7,1,0,2.12,0.47,0.76,0.66,1.05,0
2019,05-07-20,1869,Spanish Primera Division,Athletic Bilbao,Real Madrid,71.8,89.88,0.1183,0.6683,0.2134,0.67,1.93,3.5,100,0,1,0.27,2.71,0.81,1.49,0,1.05
2019,10-07-20,1869,Spanish Primera Division,Real Madrid,Alavés,90.36,63.17,0.8389,0.0309,0.1302,2.39,0.29,100,34.9,2,0,2.13,1.22,2.32,0.52,2.1,0
2019,13-07-20,1869,Spanish Primera Division,Granada,Real Madrid,71.37,90.29,0.1103,0.6813,0.2084,0.64,1.96,0,100,1,2,1.3,0.46,1.21,0.57,1.05,2.1
2019,16-07-20,1869,Spanish Primera Division,Real Madrid,Villarreal,89.63,74.86,0.7024,0.1104,0.1872,2.21,0.75,99,0,2,1,1.69,1.39,1.44,0.54,1.93,1.05
2019,19-07-20,1869,Spanish Primera Division,Leganes,Real Madrid,72.53,89.44,0.2534,0.4541,0.2925,0.9,1.31,100,0,2,2,1.39,1.07,1.32,1.78,2.1,2.1
2019,07-08-20,1818,UEFA Champions League,Manchester City,Real Madrid,95.57,88.5,0.6106,0.1782,0.2112,1.98,0.97,100,100,2,1,1.97,0.74,2.16,1.26,2.1,1.05
2020,20-09-20,1869,Spanish Primera Division,Real Sociedad,Real Madrid,76.22,89.05,0.2389,0.5092,0.2519,1.06,1.67,46.9,67.6,0,0,0.68,0.81,0.71,1.27,0,0
2020,26-09-20,1869,Spanish Primera Division,Real Betis,Real Madrid,72.8,89.2,0.2153,0.5415,0.2432,1.02,1.76,44.4,57.7,2,3,1.3,4.12,1.17,1.79,2.1,2.94
2020,30-09-20,1869,Spanish Primera Division,Real Madrid,Real Valladolid,89.28,65.2,0.8075,0.0434,0.1491,2.27,0.35,55,34,1,0,2.41,0.67,2.17,0.58,1.05,0
2020,04-10-20,1869,Spanish Primera Division,Levante,Real Madrid,67.57,89.26,0.1841,0.5987,0.2172,1.04,2.04,,,0,2,0.83,1.91,1.27,2.88,0,1.58
2020,17-10-20,1869,Spanish Primera Division,Real Madrid,Cadiz,89.6,64.73,0.8234,0.0398,0.1368,2.39,0.36,67.1,29.4,0,1,1.02,1.99,1.91,1.32,0,1.05
2020,21-10-20,1818,UEFA Champions League,Real Madrid,Shakhtar Donetsk,88.07,75.09,0.6405,0.1567,0.2028,2.04,0.9,74.1,77.8,2,3,1.11,1.48,2.13,0.49,2.1,3.15
2020,24-10-20,1869,Spanish Primera Division,Barcelona,Real Madrid,89.66,87.52,0.4917,0.2737,0.2346,1.86,1.34,100,98,1,3,1.91,3.17,1.57,1.78,1.05,2.63
2020,27-10-20,1818,UEFA Champions League,Borussia Monchengladbach,Real Madrid,76.9,88.39,0.2954,0.4651,0.2395,1.28,1.66,81.1,82.9,2,2,1.35,2.77,0.94,2.44,2.1,2.1
2020,31-10-20,1869,Spanish Primera Division,Real Madrid,SD Huesca,88.57,64.44,0.8166,0.0463,0.1371,2.46,0.42,78.9,39.4,4,1,2.69,1.11,2.72,0.64,3.68,1.05
2020,03-11-20,1818,UEFA Champions League,Real Madrid,Internazionale,88.53,85.16,0.514,0.2583,0.2278,1.82,1.23,96.1,91.5,3,2,1.03,0.78,1.66,0.93,3.15,2.1
2020,08-11-20,1869,Spanish Primera Division,Valencia,Real Madrid,64.69,88.57,0.1489,0.6545,0.1966,0.97,2.24,30.3,62.1,4,1,2.39,1.15,0.51,2.54,4.2,1.05
2020,21-11-20,1869,Spanish Primera Division,Villarreal,Real Madrid,79.18,87.01,0.328,0.4299,0.2422,1.47,1.71,67.6,62.1,1,1,2.01,0.58,1.15,0.87,1.05,1.05
2020,25-11-20,1818,UEFA Champions League,Internazionale,Real Madrid,84.1,86.6,0.424,0.342,0.234,1.66,1.47,100,100,0,2,0.23,2.33,0.88,1.95,0,1.89
2020,28-11-20,1869,Spanish Primera Division,Real Madrid,Alavés,87.59,62.65,0.809,0.0508,0.1401,2.46,0.46,59.5,37.4,1,2,1.87,2.24,2.11,1.45,1.05,2.1
2020,01-12-20,1818,UEFA Champions League,Shakhtar Donetsk,Real Madrid,71.36,85.78,0.2836,0.491,0.2255,1.36,1.84,77.6,76.4,2,0,1.44,1.35,0.49,1.31,1.79,0
2020,05-12-20,1869,Spanish Primera Division,Sevilla FC,Real Madrid,79.56,85.32,0.3453,0.3964,0.2583,1.37,1.49,64.9,64.9,0,1,0.72,1.47,1.85,0.79,0,1.05
2020,09-12-20,1818,UEFA Champions League,Real Madrid,Borussia Monchengladbach,85.56,77.42,0.5686,0.2199,0.2115,2.03,1.19,100,100,2,0,2.92,0.74,2.6,0.67,2.1,0
2020,12-12-20,1869,Spanish Primera Division,Real Madrid,Atletico Madrid,86.24,87.37,0.4053,0.323,0.2717,1.39,1.21,71.5,97.9,2,0,0.54,0.84,1.11,0.82,2.1,0
2020,15-12-20,1869,Spanish Primera Division,Real Madrid,Athletic Bilbao,86.62,71.64,0.6828,0.114,0.2032,2.03,0.69,59.6,18.2,3,1,2.61,0.82,2.59,0.82,2.1,1.05
2020,20-12-20,1869,Spanish Primera Division,Eibar,Real Madrid,70.63,86.73,0.1906,0.5597,0.2497,0.87,1.69,25.9,68.1,1,3,0.79,1.91,0.57,1.72,1.05,2.63
2020,23-12-20,1869,Spanish Primera Division,Real Madrid,Granada,87.15,65.98,0.7835,0.0625,0.154,2.37,0.51,69.1,15.9,2,0,2.1,0.87,1.77,0.64,1.58,0
2020,30-12-20,1869,Spanish Primera Division,Elche,Real Madrid,57.43,87.16,0.118,0.6877,0.1943,0.76,2.15,52,74.6,1,1,1.04,1.61,0.41,2.75,1.05,1.05
2020,02-01-21,1869,Spanish Primera Division,Real Madrid,Celta Vigo,87,75.35,0.642,0.1494,0.2086,2.08,0.89,69.4,29,2,0,1.13,0.76,1.22,0.88,2.1,0
2020,09-01-21,1869,Spanish Primera Division,Osasuna,Real Madrid,66.24,87.12,0.1774,0.5942,0.2285,0.93,1.89,44.6,67.2,0,0,0.74,0.41,1.07,2.11,0,0
2020,23-01-21,1869,Spanish Primera Division,Alavés,Real Madrid,65.22,87.05,0.1809,0.5824,0.2368,0.89,1.81,42,47.7,1,4,0.91,1.62,1.31,1.21,1.05,4.2
2020,30-01-21,1869,Spanish Primera Division,Real Madrid,Levante,87.1,67.55,0.7178,0.1055,0.1767,2.34,0.77,48.3,12.5,1,2,1.23,1.82,1.83,1.64,1.05,1.68
2020,06-02-21,1869,Spanish Primera Division,SD Huesca,Real Madrid,62.76,85.82,0.1848,0.5771,0.2382,0.91,1.8,53.9,42.2,1,2,1.01,2.94,0.8,2.67,1.05,2.1
2020,09-02-21,1869,Spanish Primera Division,Real Madrid,Getafe,86.1,69.69,0.6846,0.0998,0.2156,1.86,0.55,40.7,16.8,2,0,1.86,0.13,1.58,0.41,2.1,0
2020,14-02-21,1869,Spanish Primera Division,Real Madrid,Valencia,86.62,66.39,0.711,0.1066,0.1824,2.26,0.75,35.4,17.2,2,0,0.98,0.09,1.47,0.2,2.1,0
2020,20-02-21,1869,Spanish Primera Division,Real Valladolid,Real Madrid,59.22,87.01,0.1491,0.6332,0.2177,0.83,1.96,60.6,55.3,0,1,0.9,1.2,0.72,1.46,0,1.05
2020,24-02-21,1818,UEFA Champions League,Atalanta,Real Madrid,82.85,87.03,0.3674,0.3807,0.2519,1.38,1.41,62.9,95.7,0,1,0.19,1.38,0.66,2.01,0,0.84
2020,01-03-21,1869,Spanish Primera Division,Real Madrid,Real Sociedad,87.76,83.73,0.4908,0.2438,0.2654,1.54,1,61.5,69.4,1,1,2.2,1.13,1.95,0.92,1.05,1.05
2020,07-03-21,1869,Spanish Primera Division,Atletico Madrid,Real Madrid,84.47,87.82,0.3826,0.3367,0.2807,1.29,1.19,100,89.8,1,1,1.91,2.18,1.21,1.48,1.05,1.05
2020,13-03-21,1869,Spanish Primera Division,Real Madrid,Elche,87.93,55.88,0.8241,0.041,0.1349,2.43,0.38,41,61,2,1,1.88,0.42,2.49,0.81,2.1,1.05
2020,16-03-21,1818,UEFA Champions League,Real Madrid,Atalanta,87.43,83.11,0.5179,0.2382,0.2439,1.64,1.03,100,100,3,1,2.81,1.44,1.47,1.53,3.15,1.05
2020,20-03-21,1869,Spanish Primera Division,Celta Vigo,Real Madrid,72.79,87.65,0.2068,0.5515,0.2417,0.99,1.77,1,53.1,1,3,0.86,2.3,1.6,1.62,1.05,2.63
2020,03-04-21,1869,Spanish Primera Division,Real Madrid,Eibar,87.82,69.53,0.6672,0.1207,0.2122,1.95,0.69,42.7,62,2,0,1.85,0.34,2.37,1.05,2.04,0
2020,06-04-21,1818,UEFA Champions League,Real Madrid,Liverpool,88.06,89.29,0.4287,0.3141,0.2572,1.45,1.2,100,100,3,1,1.99,0.91,1.03,1.08,3.15,1.05
2020,10-04-21,1869,Spanish Primera Division,Real Madrid,Barcelona,88.46,92.14,0.3562,0.414,0.2298,1.69,1.83,100,100,2,1,1.68,1.78,2.01,4.24,2.1,1.05
2020,14-04-21,1818,UEFA Champions League,Liverpool,Real Madrid,88.83,88.3,0.4632,0.287,0.2498,1.55,1.17,100,100,0,0,1.35,0.81,3.36,0.92,0,0
2020,18-04-21,1869,Spanish Primera Division,Getafe,Real Madrid,69.21,88.01,0.1443,0.6067,0.249,0.66,1.65,37.5,100,0,0,2.42,0.64,2.38,1.34,0,0
2020,21-04-21,1869,Spanish Primera Division,Cadiz,Real Madrid,60.16,86.54,0.1133,0.6852,0.2015,0.69,2.05,1.5,69.1,0,3,1.33,3.5,1.03,2.98,0,3.15
2020,24-04-21,1869,Spanish Primera Division,Real Madrid,Real Betis,87.16,75.47,0.6725,0.1245,0.203,2.07,0.76,72.2,0,0,0,1.16,0.91,1.97,0.73,0,0
2020,27-04-21,1818,UEFA Champions League,Real Madrid,Chelsea,87.03,88.08,0.4416,0.2804,0.278,1.31,0.98,100,100,1,1,0.7,1.52,1.45,1.4,1.05,1.05
2020,01-05-21,1869,Spanish Primera Division,Real Madrid,Osasuna,86.65,71.64,0.7183,0.0867,0.195,2.02,0.54,82.4,0,2,0,1.98,0.08,2.55,0.16,1.85,0
2020,05-05-21,1818,UEFA Champions League,Chelsea,Real Madrid,88.45,87.45,0.4505,0.2711,0.2783,1.31,0.95,100,100,2,0,3.65,0.45,1.69,0.61,2.1,0
2020,09-05-21,1869,Spanish Primera Division,Real Madrid,Sevilla FC,86.28,82.96,0.5791,0.1811,0.2398,1.78,0.88,100,6.4,2,2,1.18,1.11,2.48,0.78,2.1,2.1
2020,13-05-21,1869,Spanish Primera Division,Granada,Real Madrid,64.87,86.24,0.1319,0.6609,0.2073,0.78,2.04,0,97.4,1,4,1.8,1.24,1.06,1.12,1.05,3.93
2020,16-05-21,1869,Spanish Primera Division,Athletic Bilbao,Real Madrid,75.01,85.97,0.2036,0.5482,0.2482,0.94,1.71,0,100,0,1,0.81,1.13,0.9,1.56,0,1.05
2020,22-05-21,1869,Spanish Primera Division,Real Madrid,Villarreal,86.39,79.34,0.6307,0.1559,0.2134,2.03,0.9,100,0,2,1,0.96,0.75,1.75,0.73,2.1,1.05
2021,14-08-21,1869,Spanish Primera Division,Alavés,Real Madrid,63.98,86.82,0.1632,0.6149,0.2219,0.92,2,26.1,50.8,1,4,1.44,2.23,0.67,2.52,1.05,3.68
2021,22-08-21,1869,Spanish Primera Division,Levante,Real Madrid,63.45,87.05,0.1587,0.6284,0.2129,0.96,2.11,26.2,50.7,3,3,1.3,2.35,0.76,1.94,3.15,3.15
2021,28-08-21,1869,Spanish Primera Division,Real Betis,Real Madrid,72.62,86.4,0.244,0.5111,0.2449,1.18,1.8,35.8,50.4,0,1,0.51,1.11,1.34,1.67,0,1.05
2021,12-09-21,1869,Spanish Primera Division,Real Madrid,Celta Vigo,86.66,67.62,0.7205,0.102,0.1775,2.37,0.77,62,19.5,5,2,3.03,2.39,2.04,1.8,4.78,2.1
2021,15-09-21,1818,UEFA Champions League,Internazionale,Real Madrid,82.13,85.82,0.393,0.3639,0.2431,1.49,1.43,32.4,27.5,0,1,2.24,1,1.63,2.33,0,1.05
2021,19-09-21,1869,Spanish Primera Division,Valencia,Real Madrid,69.88,85.96,0.2247,0.5456,0.2297,1.21,1.99,41.4,60.3,1,2,0.78,1.27,1.03,2.19,1.05,2.1
2021,22-09-21,1869,Spanish Primera Division,Real Madrid,Mallorca,86.13,61.89,0.7738,0.0669,0.1593,2.39,0.55,69.4,26.1,6,1,2.19,1.15,3,0.95,5.74,1.05
2021,25-09-21,1869,Spanish Primera Division,Real Madrid,Villarreal,86.15,76.65,0.6017,0.1807,0.2176,2.09,1.06,70.8,50.8,0,0,1.01,0.76,1.85,0.8,0,0
2021,28-09-21,1818,UEFA Champions League,Real Madrid,FC Sheriff Tiraspol,86.01,45.77,0.8462,0.0241,0.1297,2.23,0.2,27.9,53.8,1,2,3.11,0.31,3.58,0.47,1.05,2.1
2021,03-10-21,1869,Spanish Primera Division,Espanyol,Real Madrid,63.33,85.87,0.1527,0.6349,0.2124,0.92,2.1,28,70,2,1,1.38,1.57,1.02,2.59,2.1,1.05
2021,19-10-21,1818,UEFA Champions League,Shakhtar Donetsk,Real Madrid,65.94,85.05,0.2255,0.5504,0.2241,1.1,1.84,60,55.7,0,5,0.45,2.2,0.82,2.73,0,4.73
2021,24-10-21,1869,Spanish Primera Division,Barcelona,Real Madrid,84.91,86.22,0.4016,0.3621,0.2363,1.8,1.7,75.5,97.8,1,2,1.77,1.66,2.53,1.31,1.05,1.58
2021,27-10-21,1869,Spanish Primera Division,Real Madrid,Osasuna,86.13,68.63,0.7203,0.1001,0.1796,2.33,0.74,77.9,27.3,0,0,0.66,0.76,2.23,0.58,0,0
2021,30-10-21,1869,Spanish Primera Division,Elche,Real Madrid,59.52,85.74,0.1304,0.6634,0.2063,0.81,2.11,39.3,74.4,1,2,1.27,1.41,1.43,1.98,1.05,1.85
2021,03-11-21,1818,UEFA Champions League,Real Madrid,Shakhtar Donetsk,85.03,64.32,0.7034,0.1163,0.1804,2.19,0.76,28.7,27.3,2,1,1.81,1.14,3.1,1.5,2.1,1.05
2021,06-11-21,1869,Spanish Primera Division,Real Madrid,Rayo Vallecano,84.85,67.78,0.7098,0.1056,0.1847,2.29,0.75,85.1,34.1,2,1,2.55,1.76,2.42,1.44,2.1,1.05
2021,21-11-21,1869,Spanish Primera Division,Granada,Real Madrid,61,84.21,0.1536,0.6429,0.2034,0.99,2.22,37.3,82.6,1,4,0.48,3.54,0.6,3.22,1.05,3.88
2021,24-11-21,1818,UEFA Champions League,FC Sheriff Tiraspol,Real Madrid,45.86,85.14,0.0828,0.741,0.1762,0.54,2.09,95.1,82.4,0,3,1.24,1.41,0.69,3.27,0,3.15
2021,28-11-21,1869,Spanish Primera Division,Real Madrid,Sevilla FC,85.53,78.83,0.5816,0.1929,0.2255,2.01,1.07,100,65.5,2,1,1.27,1.05,1.53,0.87,2.1,1.05
2021,01-12-21,1869,Spanish Primera Division,Real Madrid,Athletic Bilbao,85.38,74.81,0.6453,0.1412,0.2135,2.05,0.84,81.5,31.7,1,0,1.67,2.85,1.7,2.39,1.05,0
2021,04-12-21,1869,Spanish Primera Division,Real Sociedad,Real Madrid,78.32,84.16,0.317,0.4225,0.2605,1.33,1.57,64.2,86.3,0,2,0.68,2.04,1.34,1.48,0,2.1
2021,07-12-21,1818,UEFA Champions League,Real Madrid,Internazionale,84.96,85.55,0.4357,0.3342,0.2301,1.7,1.47,50,50,2,0,0.97,0.97,1.47,2,1.7,0
2021,12-12-21,1869,Spanish Primera Division,Real Madrid,Atletico Madrid,85.05,82.98,0.5035,0.2615,0.235,1.93,1.34,100,72.5,2,0,0.54,0.92,0.8,1.28,2.1,0
2021,19-12-21,1869,Spanish Primera Division,Real Madrid,Cadiz,85.04,52.27,0.8272,0.0509,0.1219,2.84,0.59,70.4,42.8,0,0,3.02,0.19,4.21,0.27,0,0
2021,22-12-21,1869,Spanish Primera Division,Athletic Bilbao,Real Madrid,75.99,85.38,0.272,0.466,0.262,1.17,1.6,29,56.6,1,2,1.17,0.92,1.95,1.37,1.05,2.1
2021,02-01-22,1869,Spanish Primera Division,Getafe,Real Madrid,68.1,85.08,0.1976,0.5425,0.2599,0.88,1.64,40.9,58.2,1,0,0.69,0.9,0.31,2.29,1.05,0
2021,08-01-22,1869,Spanish Primera Division,Real Madrid,Valencia,84.98,69.85,0.6705,0.136,0.1935,2.3,0.94,60.4,25.7,4,1,3.88,1.52,2.97,0.91,3.74,1.05
2021,23-01-22,1869,Spanish Primera Division,Real Madrid,Elche,85.39,61.43,0.7738,0.0692,0.157,2.44,0.59,73.1,25.9,2,2,3.9,0.62,3.22,0.4,2.1,1.95
2021,06-02-22,1869,Spanish Primera Division,Real Madrid,Granada,85.23,60.22,0.7756,0.0753,0.1491,2.62,0.7,58.7,20.2,1,0,1.56,0.41,2.73,0.61,1.05,0
2021,12-02-22,1869,Spanish Primera Division,Villarreal,Real Madrid,82.27,85.24,0.4007,0.3512,0.2481,1.66,1.54,67.1,52,0,0,0.59,2.34,1.27,1.46,0,0
2021,15-02-22,1818,UEFA Champions League,Paris Saint-Germain,Real Madrid,85.29,85.89,0.4314,0.3314,0.2372,1.62,1.39,73.8,84.8,1,0,2.02,0.17,1.93,0.38,1.05,0
2021,19-02-22,1869,Spanish Primera Division,Real Madrid,Alavés,85.16,59.08,0.7612,0.0755,0.1633,2.4,0.61,66,51.3,3,0,2.9,0.69,2.6,0.29,2.38,0
2021,26-02-22,1869,Spanish Primera Division,Rayo Vallecano,Real Madrid,67.46,85.6,0.1862,0.5794,0.2344,0.97,1.9,2.4,46.3,0,1,1.36,1.85,1.68,2.3,0,1.05
2021,05-03-22,1869,Spanish Primera Division,Real Madrid,Real Sociedad,85.48,74.47,0.5922,0.1685,0.2393,1.82,0.85,50.2,54.9,4,1,2.02,0.76,2.43,0.17,3.83,1.05
2021,09-03-22,1818,UEFA Champions League,Real Madrid,Paris Saint-Germain,86.2,84.21,0.4731,0.2933,0.2336,1.71,1.3,100,100,3,1,2.12,1.93,2.4,1.12,3.15,1.05
2021,14-03-22,1869,Spanish Primera Division,Mallorca,Real Madrid,61.26,86.62,0.1658,0.6269,0.2073,1.04,2.2,38.9,31.3,0,3,1.38,1.85,1.53,1.59,0,2.68
2021,20-03-22,1869,Spanish Primera Division,Real Madrid,Barcelona,86.63,84.77,0.4695,0.291,0.2396,1.85,1.42,29.5,32.5,0,4,0.72,3.9,1.07,2.38,0,4.2
2021,02-04-22,1869,Spanish Primera Division,Celta Vigo,Real Madrid,74.03,84.4,0.2544,0.4936,0.252,1.17,1.72,0.1,47.9,1,2,1.3,2.97,2.18,0.92,1.05,2.1
2021,06-04-22,1818,UEFA Champions League,Chelsea,Real Madrid,86.49,84.22,0.4683,0.2836,0.2481,1.55,1.15,100,100,1,3,1.62,0.95,1.52,0.5,1.05,3.15
2021,09-04-22,1869,Spanish Primera Division,Real Madrid,Getafe,84.55,69.45,0.6772,0.1084,0.2144,1.95,0.62,38.7,7.6,2,0,1.47,0.5,1.86,0.12,2.1,0
2021,12-04-22,1818,UEFA Champions League,Real Madrid,Chelsea,84.96,88.06,0.3976,0.3505,0.2519,1.42,1.32,100,100,2,3,1.21,2.84,1.29,2.86,2.1,3.15
2021,17-04-22,1869,Spanish Primera Division,Sevilla FC,Real Madrid,73.54,84.21,0.3087,0.4187,0.2727,1.21,1.46,64.2,25.8,2,3,1.19,1.59,0.82,2.76,2.1,3.15
2021,20-04-22,1869,Spanish Primera Division,Osasuna,Real Madrid,69.39,84.68,0.2354,0.519,0.2456,1.14,1.8,0,2.5,1,3,0.98,4.97,1.37,2.84,1.05,2.63
2021,26-04-22,1818,UEFA Champions League,Manchester City,Real Madrid,93.35,85.58,0.6058,0.1815,0.2127,1.94,0.96,100,100,4,3,3.31,1.62,1.74,0.98,4.2,3.15
2021,30-04-22,1869,Spanish Primera Division,Real Madrid,Espanyol,85.56,62.94,0.5715,0.21,0.2185,2.13,1.23,0.1,0,4,0,2.26,1.89,2.02,1.84,3.93,0
2021,04-05-22,1818,UEFA Champions League,Real Madrid,Manchester City,85.82,93.69,0.2964,0.4737,0.23,1.34,1.75,100,100,3,1,2.6,1.73,2.4,1.84,3.15,1.05
2021,08-05-22,1869,Spanish Primera Division,Atletico Madrid,Real Madrid,78.51,86.52,0.3359,0.4144,0.2497,1.48,1.66,38,0,1,0,2.41,1.17,2.05,0.69,1.05,0
2021,12-05-22,1869,Spanish Primera Division,Real Madrid,Levante,85.65,64.81,0.699,0.1333,0.1677,2.74,1.15,0,26.8,6,0,3.85,0.78,3.82,1.06,5.98,0
2021,15-05-22,1869,Spanish Primera Division,Cadiz,Real Madrid,63.19,86.83,0.218,0.5621,0.2199,1.26,2.12,92.9,0,1,1,2.58,2.11,3.5,1.72,1.05,1.05
2021,20-05-22,1869,Spanish Primera Division,Real Madrid,Real Betis,85.5,73.31,0.5038,0.2658,0.2304,1.99,1.4,0,0,0,0,2.08,1.49,1.8,0.97,0,0
2021,28-05-22,1818,UEFA Champions League,Liverpool,Real Madrid,93.11,85.65,0.655,0.345,0,1.93,1.29,100,100,0,1,2.12,0.74,2.8,0.51,0,1.05
2022,14-08-22,1869,Spanish Primera Division,Almeria,Real Madrid,60.41,86.19,0.143,0.6651,0.1918,1.02,2.39,30.6,68.8,1,2,0.74,3.15,0.61,2.55,1.05,2.1
2022,20-08-22,1869,Spanish Primera Division,Celta Vigo,Real Madrid,68.19,86.5,0.1894,0.5899,0.2207,1.11,2.1,29.9,74.2,1,4,1.35,3.56,1.52,0.69,1.05,4.2
2022,28-08-22,1869,Spanish Primera Division,Espanyol,Real Madrid,59.5,86.66,0.1316,0.682,0.1864,0.97,2.42,34.1,71.8,1,3,1.71,2,1.25,1.92,1.05,2.52
2022,03-09-22,1869,Spanish Primera Division,Real Madrid,Real Betis,86.17,71.87,0.6689,0.1359,0.1952,2.31,0.94,68.5,52.7,2,1,2.95,0.33,3.02,0.68,2.1,1.05
2022,06-09-22,1818,UEFA Champions League,Celtic,Real Madrid,76.53,86.58,0.3355,0.4276,0.237,1.41,1.62,73.2,56.9,0,3,1.05,2.74,1.95,1.71,0,2.99
2022,11-09-22,1869,Spanish Primera Division,Real Madrid,Mallorca,87.29,58.25,0.8355,0.0472,0.1173,2.9,0.57,81.5,30,4,1,2.22,0.99,2.79,0.32,3.19,1.05
2022,14-09-22,1818,UEFA Champions League,Real Madrid,RB Leipzig,87.01,78.03,0.5627,0.2251,0.2122,2,1.19,32,70.9,2,0,1.54,0.92,1.25,1.16,1.58,0
2022,18-09-22,1869,Spanish Primera Division,Atletico Madrid,Real Madrid,79.14,87.09,0.3106,0.4455,0.2439,1.47,1.8,61,78.1,1,2,1.06,1.26,1.11,0.2,1.05,2.1
2022,02-10-22,1869,Spanish Primera Division,Real Madrid,Osasuna,87.07,68.09,0.7441,0.0868,0.1691,2.42,0.7,79.3,33.6,1,1,2.69,0.53,2.64,0.95,1.05,1.05
2022,05-10-22,1818,UEFA Champions League,Real Madrid,Shakhtar Donetsk,86.8,60.76,0.7256,0.1032,0.1711,2.26,0.72,20.1,79,2,1,3.47,0.63,4.65,0.52,2.1,1.05
2022,08-10-22,1869,Spanish Primera Division,Getafe,Real Madrid,61.56,87.38,0.1315,0.6753,0.1932,0.92,2.31,27.7,70.9,0,1,0.34,1.55,0.52,1.49,0,1.05
2022,11-10-22,1818,UEFA Champions League,Shakhtar Donetsk,Real Madrid,59.98,87.62,0.186,0.604,0.21,1,1.98,67.4,7.2,1,1,0.81,1.11,0.81,2.57,1.05,1.05
2022,16-10-22,1869,Spanish Primera Division,Real Madrid,Barcelona,87.48,87.14,0.4588,0.3042,0.237,1.9,1.52,100,100,3,1,1.45,2.13,0.91,1.64,2.63,1.05
2022,19-10-22,1869,Spanish Primera Division,Elche,Real Madrid,51.9,87.29,0.0897,0.7563,0.1539,0.84,2.7,40.7,78,0,3,1.11,1.45,1.1,1.75,0,2.54
2022,22-10-22,1869,Spanish Primera Division,Real Madrid,Sevilla FC,87.11,67.08,0.7606,0.078,0.1614,2.47,0.66,74.3,14.7,3,1,1.87,0.51,0.98,0.4,2.87,1.05
2022,25-10-22,1818,UEFA Champions League,RB Leipzig,Real Madrid,77.35,86.85,0.3579,0.4122,0.2299,1.54,1.67,53.3,10.2,3,2,1.76,1.84,1.37,1.25,2.88,2.1
2022,30-10-22,1869,Spanish Primera Division,Real Madrid,Girona FC,86.59,60.8,0.7907,0.0685,0.1407,2.73,0.69,75.2,39.4,1,1,2.85,2.17,2.57,0.66,1.05,1.05
2022,02-11-22,1818,UEFA Champions League,Real Madrid,Celtic,85.75,72.58,0.6543,0.1561,0.1896,2.2,0.98,25.4,0,5,1,4.26,2.19,2.42,0.84,5.24,1.05
2022,07-11-22,1869,Spanish Primera Division,Rayo Vallecano,Real Madrid,66.73,86.54,0.1822,0.6033,0.2145,1.11,2.17,30.4,68,3,2,1.55,2.4,1.06,1.33,3.15,2.1
2022,10-11-22,1869,Spanish Primera Division,Real Madrid,Cadiz,85.68,54.84,0.8232,0.0525,0.1242,2.84,0.6,65.8,45.1,2,1,1.67,1.39,1.79,0.53,2.1,1.05
2022,30-12-22,1869,Spanish Primera Division,Real Valladolid,Real Madrid,57.16,84.81,0.1444,0.6651,0.1905,1.04,2.41,34.8,53.5,0,2,0.55,2.42,0.9,2.53,0,1.29
2022,07-01-23,1869,Spanish Primera Division,Villarreal,Real Madrid,73.39,85.27,0.2663,0.4864,0.2472,1.27,1.8,55.9,75.8,2,1,2.52,2.11,1.87,1.76,2.1,1.05
2022,22-01-23,1869,Spanish Primera Division,Athletic Bilbao,Real Madrid,75.43,84.37,0.3012,0.4439,0.255,1.34,1.68,46,60.9,0,2,1.2,0.98,1.7,1.03,0,1.58
2022,29-01-23,1869,Spanish Primera Division,Real Madrid,Real Sociedad,84.42,76.32,0.5944,0.1768,0.2287,1.97,0.97,78.9,55.4,0,0,1.4,0.4,2.85,0.63,0,0
2022,02-02-23,1869,Spanish Primera Division,Real Madrid,Valencia,84.66,68.84,0.6978,0.1163,0.1859,2.35,0.85,59.7,14.9,2,0,2.33,0.23,2.07,0.52,2.1,0
2022,05-02-23,1869,Spanish Primera Division,Mallorca,Real Madrid,64.63,85.14,0.164,0.6016,0.2345,0.87,1.89,11.2,62.8,1,0,0.25,1.61,0.28,1.78,1.05,0
2022,15-02-23,1869,Spanish Primera Division,Real Madrid,Elche,85.12,52.96,0.8218,0.0521,0.1261,2.8,0.58,33.9,13.8,4,0,3.73,0.6,4.11,0.77,3.94,0
2022,18-02-23,1869,Spanish Primera Division,Osasuna,Real Madrid,67.91,85.74,0.2006,0.5525,0.2469,0.98,1.79,17.4,44.9,0,2,0.53,1.8,1.15,1.02,0,1.58
2022,21-02-23,1818,UEFA Champions League,Liverpool,Real Madrid,82.95,86.01,0.4112,0.3547,0.2341,1.62,1.49,100,100,2,5,2.53,1.63,1.67,1.34,2.1,5.25
2022,25-02-23,1869,Spanish Primera Division,Real Madrid,Atletico Madrid,86.29,76.62,0.5942,0.1797,0.2261,2.01,1.01,53.5,54.6,1,1,1.59,0.3,2.31,1.51,0.84,1.05
2022,05-03-23,1869,Spanish Primera Division,Real Betis,Real Madrid,70.47,86.11,0.2526,0.508,0.2394,1.28,1.9,64.5,56.8,0,0,0.63,1.3,0.84,2.73,0,0
2022,11-03-23,1869,Spanish Primera Division,Real Madrid,Espanyol,86.55,61.76,0.7602,0.0787,0.1611,2.48,0.67,42.9,33.6,3,1,1.64,1.18,1.63,0.8,2.63,1.05
2022,15-03-23,1818,UEFA Champions League,Real Madrid,Liverpool,85.96,84.59,0.4746,0.2929,0.2326,1.72,1.31,100,100,1,0,2.24,0.43,1.59,1.91,1.05,0
2022,19-03-23,1869,Spanish Primera Division,Barcelona,Real Madrid,85.9,86.23,0.4356,0.306,0.2584,1.63,1.33,100,100,2,1,1.68,0.52,1.79,1.17,2.1,1.05
2022,02-04-23,1869,Spanish Primera Division,Real Madrid,Real Valladolid,85.8,53.12,0.7875,0.0658,0.1467,2.59,0.62,10.2,49.3,6,0,4.4,0.71,3.29,0.8,5.72,0
2022,08-04-23,1869,Spanish Primera Division,Real Madrid,Villarreal,86.72,72.21,0.6078,0.1731,0.2191,2.09,1.02,15.6,69.6,2,3,2.33,1.41,2.63,1.98,2.1,3.15
2022,12-04-23,1818,UEFA Champions League,Real Madrid,Chelsea,85.83,80.79,0.5342,0.216,0.2498,1.57,0.9,100,100,2,0,2.34,1.03,2.2,0.49,1.89,0
2022,15-04-23,1869,Spanish Primera Division,Cadiz,Real Madrid,59.41,86.43,0.168,0.618,0.214,1.02,2.14,36.2,10.1,0,2,0.68,4.3,0.81,5.62,0,1.96
2022,18-04-23,1818,UEFA Champions League,Chelsea,Real Madrid,78.79,87.76,0.3098,0.4298,0.2604,1.15,1.4,100,100,0,2,1.92,2.07,1.66,1.88,0,2.1
2022,22-04-23,1869,Spanish Primera Division,Real Madrid,Celta Vigo,88,73.31,0.6789,0.1259,0.1953,2.26,0.86,17.2,1.4,2,0,1.65,1.04,3.03,1.16,2.1,0
2022,25-04-23,1869,Spanish Primera Division,Girona FC,Real Madrid,66.71,88.1,0.1821,0.6071,0.2108,1.14,2.22,0.7,11.6,4,2,2.31,1.77,0.79,2.39,4.2,2.1
2022,29-04-23,1869,Spanish Primera Division,Real Madrid,Almeria,86.92,55.05,0.8054,0.0694,0.1253,3.08,0.84,5.1,34,4,2,2.75,1.19,3.13,0.68,4.2,2.1
2022,02-05-23,1869,Spanish Primera Division,Real Sociedad,Real Madrid,72.88,86.57,0.3055,0.435,0.2595,1.32,1.62,73.1,1.9,2,0,1.83,0.97,1.2,0.83,1.58,0
2022,09-05-23,1818,UEFA Champions League,Real Madrid,Manchester City,85.81,92.53,0.331,0.4347,0.2343,1.42,1.66,100,100,1,1,0.77,0.55,1.89,1.2,1.05,1.05
2022,13-05-23,1869,Spanish Primera Division,Real Madrid,Getafe,86.09,63.69,0.697,0.1108,0.1922,2.24,0.76,0.2,53.9,1,0,0.92,0.62,1.3,0.74,1.05,0
2022,17-05-23,1818,UEFA Champions League,Manchester City,Real Madrid,92.13,85.85,0.5722,0.2071,0.2207,1.87,1.04,100,100,4,0,3.22,0.39,2.93,1.06,4.2,0
2022,21-05-23,1869,Spanish Primera Division,Valencia,Real Madrid,66.88,84.65,0.2465,0.5127,0.2408,1.24,1.88,26.9,0,1,0,1.52,2.05,1.27,2.86,1.05,0
2022,24-05-23,1869,Spanish Primera Division,Real Madrid,Rayo Vallecano,84.49,63.74,0.5465,0.2233,0.2302,2.01,1.22,0,0,2,1,1.47,0.52,3.05,0.87,2.1,1.05
2022,27-05-23,1869,Spanish Primera Division,Sevilla FC,Real Madrid,71.06,85,0.3173,0.432,0.2507,1.43,1.71,0,0,1,2,1.24,0.89,1.18,1.12,1.05,2.1
2022,04-06-23,1869,Spanish Primera Division,Real Madrid,Athletic Bilbao,85.07,74.01,0.4872,0.2574,0.2554,1.71,1.18,0,0,1,1,1.68,2.25,1.48,1.76,1.05,1.05
